3,"-Me caes muy bien -Tienes que jugar m√°s partidas al lol con Russel y conmigo -Por qu√© tan Otako, deja de ser otako -Haber si me muero"
0,"user_ref a. que puto mal escribo b. me sigo surrando help 3. ha quedado raro el ""c√≥metelo"" ah√≠ JAJAJAJA"
0,user_ref risa_ja risa_ja risa_ja risa_ja jajajaja la tuya y la de slang_string mucha gente seguro!! Pero yo no puedo sin mi melena me muero
1,Quiero mogoll√≥n a user_ref pero sobretodo por lo r√°pido que contesta a los wasaps
0,Vale he visto la tia bebiendose su regla y me hs dado muchs grima
1,user_ref user_ref Ah. mucho m√°s por supuesto! solo que lo incluyo. Me hab√≠as entendido mal
0,Se ha terminado hash_tag hash_tag #Rio2016 Lamentablemente no arriendo las ganancias al pueblo brasile√±o por la penuria que les espera Suerte y solidaridad
1,11. siiii fue super gracioso teniamos que habernos sacado una foto
0,user_ref seria mejor que dejasen de emitir esa basura ya hay que evolucionar para bien y eso
0,"user_ref te mandaria a comprarte un burro, pero no creo que hayan tiendas abiertas ahora"
0,Mg y pongo un adjetivo super repelente a vuestro nombre
0,user_ref la voz de Mar√≠a al final me mata JAJAJSJAJAJAJ quilla y yo que
1,user_ref Jaja.Es de bien nacidos ser agradecidos que dir√≠a aquel.Tiene el r√©cord de puntos del VCF.Creo que slang_string cumpli√≥ con lo que hab√≠a.
1,"user_ref Bueno, al menos has acabado la noche con una hermosa vista Ami tambien me gusta verlos por la noche ^^"
0,user_ref user_ref enserio cuando hab√©is dicho que los froot loops est√°n malos me ha dolido...
1,"user_ref Ow Bueno, no pasa nada, cuando puedas confirmarlo, estoy aqu√≠ üòä Y si no pudieras de cosplay pero s√≠ a la expo, +"
1,"Aunque pensaba que no podr√≠a hacerlo hasta el mes de octubre, el lunes pr√≥ximo volver√© a ver a mi familia de hash_tag hash_tag #Matar√≥ *.* hash_tag hash_tag #felicidad"
0,Oye user_ref te pones a hablar con user_ref como en los viejos tiempos y no avisas user_ref user_ref
0,"user_ref yo tengo que aguantar int_string int_string 4 ni√±os peque√±os, no s√© que es peor"
3,user_ref int_string int_string 765 emberda Y porque estoy dedicandome a otros supps √∫ltimamente
1,user_ref user_ref hash_tag hash_tag #Incantus Genial ya estoy conectada
2,"Es muy raro el sentimiento que tengo ahora, aunque en fin... Qu√© m√°s dar√°"
0,"user_ref user_ref Madrid tiene la cultura propia de los que ""no tiene cultura propia"". Vamos, como los romanos en su tiempo"
0,"Gracias por los √°nimos! He dormido un poco m√°s, me he tomado una pastilla y ha bajado a int_string int_string 36 y medio, pero a√∫n me noto rara"
2,"user_ref pues date unas cuantas horas, que es muy temprano"
1,"user_ref user_ref Tienes pinta buena gente por lo que slang_string veo, t he conocio gracias a qt"
1,"user_ref ... bueno, desierta, desierta, no, con algunos seres fe√©ricos"
0,user_ref int_string int_string 2 horas esperando en Comisar√≠a Gandia y han atendido a int_string int_string 3 personas! Y solamente para una autorizaci√≥n de viaje a un menor.
0,"user_ref user_ref No he visto su DNI o Pasaporte pero presume de serlo aunque es muy,demasiado,peculiar y poco caritativa"
0,user_ref Oh ¬øMe est√°s llamando gordo? JAJAJA Grazie ruli√±o Lo mismo puedo decir
1,user_ref T√∫ siempre sexy Nerea!! Qu√© tengas un maravilloso d√≠a! Besitos!
1,user_ref hash_tag hash_tag #seestrenasietevidas Ser√≠a un gato tipo Garfield porqu√© soy un poco vago y porqu√© me encanta la lasa√±a!!
0,user_ref user_ref Si es que odio a muerte a la nueva Harley que quieres
0,user_ref ni tu como soportas el calor sevillano hija m√≠a
3,"user_ref user_ref +10000, cremos una agencia de contrataci√≥n de temporales, a ver c√≥mo se vende a los sindicatos"
0,.@soyalt_es estaremos atentas a las novedades futuras. ¬°El final del verano no ser√° igual sin vosotros!
0,Ayer me qued√© dormido xdddd lo peor esque sigo reventado
0,"Confirmao tengo el pie roto, he notado como el puto hueso se mov√≠a"
1,"user_ref much√≠simas gracias Luis T√∫ tambi√©n eres un ejemplo de constancia y buen trabajo, espero que os vaya todo genial!"
0,Tengo una adicci√≥n muy seria al burguer King necesito ayuda profesional
0,"Me dice un pajarito que ahora mismo no puede reservar en la web de BiBo, lo nuevo de user_ref Espero que sea por la demanda."
1,user_ref A ti por responder! Espero y deseo que te salgan nuevos proyectos!! Besitos!!
3,user_ref user_ref user_ref user_ref user_ref oye corsa que yo no he jugado contra puni en lan
1,Estoy preparando muchas cosas para que el especial sea muy especial
2,"Solo porque UNA persona diga que me conoce y opine sobre c√≥mo soy, y convenza a otra de ello no significa que sea as√≠"
3,"user_ref porque no vives en Madrid!! bueno yo estoy ahorrando, yo lo intento jo y si no pues en la cola y ya quedaremos a parte.."
0,"user_ref user_ref user_ref Eso me temo, mucho calor y mucha gente por todos lados, lo malo de viajar en agosto"
0,"user_ref Pues si no fichan ""lo que sea"" adem√°s de un rid√≠culo espantoso igual QSF nos deja plantados...esperemos que no"
3,user_ref cuando est√©n los int_string int_string 20 contactados y aprobados se publicar√° el listado en nuestra web
1,"user_ref Te la recomiendo, parece mon√≥tona pero hay cap√≠tulos que vuelven a subir el inter√©s"
0,Ya no tengo cap√≠tulos de Juego de Tronos para ver. Me siento vac√≠a.
1,"user_ref risa_ja risa_ja risa_ja risa_ja Jajaja se aprovech√≥ lo ke pudo, ya se fue a currar pero ma√±ana descansa mucho l√≠o entonces no? Y con el malague√±o que tal?"
1,user_ref solo recuerda que Iman es tranquila
3,"user_ref en el debate que he estado leyendo, en el blog de Silvio user_ref lo pone el gran user_ref citando al Che."
2,"comprendo que te molen mis tattoos, pero no te los hagas 'iguales'"
3,user_ref user_ref para cometer atentados terroristas (2) No creo que entonces existiera el burkini
3,user_ref pues necesito un audio para el pr√≥ximo episodio ¬øte animas?
0,user_ref risa_ja risa_ja risa_ja risa_ja jajajaja... eso es verdad... aqu√≠ no hay uno cuerdo
1,user_ref user_ref Un lapsus advertido gracias a user_ref y subsanado. Gracias por tu aportaci√≥n.
0,user_ref Lo feo es llegar al reina sof√≠a y que los descuentos de estudiante sean para menores de int_string int_string 27 a√±os
2,user_ref el resto puedo dudar pero de ese grupo lo tengo claro
1,user_ref hay gente muy buena trabajando duro en user_ref Palabras as√≠ impulsan user_ref
0,"Ah vale, me suelta la puta subnormal, te estoy llamando. Le digo que no me sale y dice ""ah, es que tengo el wifi apagado"""
2,user_ref espero y deseo que el interior te cause lo mismo
0,"user_ref Pues espero que no lo digas por mi ni√±a o no voto mas memeo, bueno cada uno tendra su opinion +"
3,user_ref user_ref pregunta seria. para cuando kedada/ca√±as de gente twittera de la zona?
1,"user_ref Yo cuando pueda quiero tener el Omega Constellation,, con los num√©ricos romanos."
0,user_ref es grasioso porque en vez de aspirar a ser alcalde aspiras a concejal...
0,Hoy quiero hacer otro juego de estos de tw pero esque son todos iguales
3,"user_ref Que tampoco ahora mayor√≠a absoluta, eh?"
0,Por desgracia el sorteo que ten√≠a pensado hacer es s√≥lo para gente de Europa Ya har√© m√°s sorteos para todo el mundo!
0,"user_ref Qu√© f√°cil es quedarse calladito, bajarse los pantalones y no decir ni m√∫... Cu√°nta ignorancia en tu ""opini√≥n"". Saludos"
0,Yo Me cago En los muertos De todas Las bacterias malignas De mi Garganta .
0,user_ref la pr√≥xima vez que vaya a Madrid no estar√°s en mis planes. Maldita
1,"user_ref Totalmente. Aunque la post-tertulia ha sido muy interesante, hablando de todo esto, y la evoluci√≥n (e involuciones) del cine"
1,"user_ref Pues tan sencillo porque en su d√≠a me puse a hacerlo y es de lo que mas encargos me hacen, aparte tengo mas estilos crack"
1,user_ref no hab√≠a parada pero he visto una rotonda mu bonica en la que pon√≠a Nules
0,"user_ref abandon√© mi tierra y llegu√© justo ayer a Espa√±a, estoy sensible, te odio"
0,"Ahora que estoy en Madrid casi no puedo hacer fotos chachis, solo a mi careto y no"
0,user_ref Ps que las exterminen. Por mi salud mental (y pa que pueda dejar de hacer el rid√≠culo por la calle risa_ja risa_ja risa_ja risa_ja jajajaj)
0,"user_ref user_ref Lo de prohibir el casco e ir enmascarado tambi√©n es arbitrario y sectario, no?"
1,user_ref Ya lo ten√≠a fichado y tengo ganas de darle uso ¬°¬°Gracias!!
3,user_ref buenas tardes! Se puede pasar?
3,user_ref ¬°Pero explicar a fondo las zonas habitables y que condiciones necesita un planeta para serlo!
1,"user_ref no s√© si hubo m√°s gente, pero ayer te tague√© yo ayy, Hannibal es que moooooola tanto!"
0,hash_tag hash_tag #Otegi inhabilitado hash_tag hash_tag #EsLaSentencia Mujeres tapadas hasta los ojos hash_tag hash_tag #EsSuCultura Teneis un sentido inamovible del mundo y de la vida.
1,"user_ref ay, gracias. Lo malo es que ese es solo para primer viaje. Pero mil gracias igualmente"
0,"Madrid est√° lleno de comida y crushes, no me llev√©is de aqu√≠"
0,user_ref user_ref user_ref los reyes magos son mas reales que este
2,"Es worth para coger el bonus, pero es mucho m√°s divertido luchar"
0,"user_ref user_ref user_ref m√°s bien tas ten√≠a aprecio por raistlin, yo creo que al mago le daba un poco igual todo"
1,"user_ref Gracias ya me pas√≥ una vez y los antibi√≥ticos fueron milagrosos, estoy deseando que vuelva mi madre con ellos"
0,user_ref quiero un Linoone con Tambor y Velocidad Extrema pero es de esos especiales de generaciones pasadas que ya no se puede
2,"user_ref 27. Parece que las cosas no te van muy bien, espero que todo mejore, que todo el mundo merece ser feliz"
1,user_ref user_ref los dos amigos menos quejicas que tengo
1,user_ref user_ref user_ref ¬°¬°Nos sumamos a la felicitaci√≥n a un grande!!
2,"Eso s√≠, demasiada sobredosis de gui√±os, cameos, homenajes, frases y planos repetidos de la original. Pero bueno, se acepta"
2,"user_ref venga jimbre, lo que debes haver es hacerte cadista"
1,Dio tener un perro es la ilusi√≥n de mi puta vida
0,user_ref Muy mal!!! risa_ja risa_ja risa_ja risa_ja jajaja mas Geralt de rivia y menos juego de tronos
1,Por qu√© me gusta m√°s tu personalidad que cualquier espalda ancha
0,user_ref Mirate De slang_string gray-man desde cero puta
2,"user_ref Por supuesto, en el Mercadona. Hombre, encima que soy crush de alguien"
0,hay alguien apuntando a mi ventana con un laser define pesadito
0,user_ref Me apena que haya pasado esto porque la idea de crear un colectivo estatal con divisiones locales era algo poderoso
0,"odio a lucia la vd, mi amor hacia ella es una gran tapadera pa comer nutella en su casa"
0,No entiendo de verdad porque la gente cree que en realidad me la suda
2,user_ref user_ref user_ref user_ref ese es Seve que se pone exquisito. Yo m√°s de andar por casa (menos florida)
0,"Llevo como una hora repitiendo ""No deb√≠ haber bebido ese √∫ltimo Monster"" teniendo que madrugar Mi vida."
2,"user_ref . Estas palabras, del Poema, INSTANTES, son de Nadine Stair. Escritora norteamericana, a la que slang_string le gustan los helados."
2,prepar√°ndome un colacao pa olvidarme de aquel bacalao...
1,gracioso bc en la pel√≠cula de Nunca apagues la luz utilizan luz negra y hoy he llegado a casa y han puesto uno en el ba√±o
0,nos lo hab√≠amos encontrado y estaba asustado cruzando una carretera y al final nos hemos tenido que marchar sin √©l.
1,"user_ref si al final acabamos hablando un rato, era muy simp√°tica user_ref"
3,user_ref t√≠o peguemos al Lau Sigues teniendo mi primer grinder?
1,Este a√±o el Madrid har√° triplete y si lo hace me rapo al cero grabad el mensaje risa_je risa_je jejej hash_tag hash_tag #ChiringuitoPiqu√©
1,user_ref Mis sentimientos y mi orgullo por el Valencia son muy grandes. Yo quiero lo mejor para el Valencia.
3,"user_ref user_ref me quedo con lo primer ""un pensamiento en un clic"""
1,user_ref y sentimos empatia hacia cualquier ser vivo sin distinci√≥n
0,Gracias tormenta por aparecer justo cuando me voy a meter en cama solita
1,user_ref pues pocas cosas m√°s bonitas puedes ver en la vida oye
1,"user_ref qu√© hermoso!,es bueno desviar la mirada al cielo y a las nubes de vez en cuando,abajo est√° jodido.preciosa foto,mil abrazos"
0,user_ref en la vida puede verseme una teta porque cuando me eche la foto no estaba desnuda
1,"user_ref Ya, ya. El edificio A s√≠, el edificio B no. Facil√≠simo de articular"
2,Ma√±ana es muy probablee que caiga un directo!! Y ya sabeis lo que pasa en los directos...
2,user_ref el club de la comedia se ha quedado demasiado grande hash_tag hash_tag #monologuista Jaja
1,"Lamento decirles que ya no soy calvo, mi calva perfecta se ve opacada por mi pelo"
0,user_ref ya pero no soy mucho de pc. No es muy potente el m√≠o
3,"user_ref user_ref user_ref user_ref user_ref user_ref user_ref hola miguel no,ahora estoy en ella"
3,Nominada por user_ref Aqu√≠ van nuestras pelis y nuestros taggeados. hyp_link
0,Ya me est√° jodiendo la tarde Pep...bueno me.voy a dar un.paseo
0,"user_ref Prohibirlo, no. Se pueden hacer campa√±as, pedagog√≠a... y no aplaudir como est√°n haciendo muchas pseudo-feministas user_ref"
0,user_ref pues sabran m√©s que slang_string jo *curso CCC de mirones y mironas
1,"He puesto la radio solo pa escucharle risa_ja risa_ja risa_ja risa_ja jajajajajajaja ai, que ganas de verle ya ostia"
0,user_ref TOTALMENTE Pobre Gappy... que inocente es no sabe con quien se ha encontrado.
1,"user_ref 2. Hace mucho tiempo hablabamos por skype por un amigo en com√∫n y estaba guay, adem√°s de que eres muy mona!"
1,"Buen partido a todos user_ref , suerte en la final de losers y a ver si nos volvemos a ver en la gran final. Saludo a esos casters"
0,user_ref user_ref Un capullo menos en el Valencia. Si no esta al 100% con el Valencia lo mejor es venderlo.
2,user_ref hombre me dices que se o√≠a mal yo soy defensora de Amaiah a morir JAJAJ
0,"Quiero que vuelva el invierno y ponerme pantalones largos y chaquetas y sudaderas y abrigos, puto verano."
1,Pensar en irse pronto a la cama y ver que dan int_string int_string 2 cap√≠tulos de hash_tag hash_tag #minorityreport la mejor manera de alegrarse la noche
0,"user_ref somos el PACMA, a todos caemos bien pero nadie nos quiere. Lloremos juntos"
0,Cuando sufres porque no encuentras emulador para jugar al pokemon rub√≠ en iOS 9.3.4
3,user_ref user_ref user_ref convenciendo a mi hija mayor para verlo
0,user_ref no queda ni un pa√≠s √°rabe laico... Hasta con Argelia y Tunez est√°n acabando
2,Estoy muy nerviosa por el partido
0,"user_ref Intentan salvar a Lincoln como Juli√°n con Lorca... Aparte de que es una copia descarada de MdT, no se parecen en nada"
0,"user_ref porque somos de M√≥stoles, salir de nuestro ambiente es dif√≠cil"
0,ola wapa k tal stas?? spero k no seas una sorra kmo las otras xikas - machirulo QU√â COJONES JAJSAKJKJSADJJSJASJAJAJA
1,user_ref pues ah√≠ lo tienes. Si t√∫ no huyes entonces eres una luchadora y no una cobarde no?
0,Es conveniente tener un Gobierno democr√°tico que cumpla su funci√≥n politica. NO lo es tener un Gobierno que representa la hash_tag hash_tag #corrupci√≥nPP
0,user_ref user_ref los salidos son los que slang_string suben cosas a esa p√°gina no yo
0,"otra noche hasta las int_string int_string 4 de la ma√±ana despierta, aburrida y sin sue√±o, lo veo venir..."
3,user_ref me lo apunto en la lista de cosas posibles de hacer
0,"user_ref esta no es, le tienes que dar a US Store, solo se vende en US y Canad√° por ahora claro."
0,Es triste que casi todas mis series acabadas hayan sido porque las han cancelado
1,user_ref user_ref Nop. Pero ahora me queda m√°s claro el asunto Gracias !
2,S√≥lo quer√≠a hablar con gente en verda
3,como entraba una conversaci√≥n de estas largas de hablar toda la noche con alguien
3,user_ref user_ref O ponerte un casco de moto que te cubra por entero
3,"Hey, user_ref que me dice Amazon que ""Todas las bodas necesitan un plan B"" ya est√° cargado en mi Kindle. ¬øEmpiezo ya o qu√©?"
1,"user_ref user_ref Tras 72.000 a√±os de viaje, conformate con que haya mol√©culas de Potasio y est√©n buenas"
1,user_ref no creas. Pero me gusta tener a la gente enga√±ada user_ref
0,T√∫ que he ido a cenar a mar de cristal y me he inflado y me duele la barriga
0,"Mira que soy pesimista a maza, pero odio que la gente sea TAAAAN pesimista"
1,"user_ref risa_ja risa_ja risa_ja risa_ja Jajajaja en cuanto salga de mi bucle infinito con la casa, me imprimo los mapas a dos y lo estreno!!"
0,"user_ref yo me resigno con alguna gente, si se creen a este personaje es porque no est√°n dispuestos a escuchar"
2,"user_ref El concepto es de lo m√°s bonico, pero de eso a serlo hay un trecho"
0,"Voy a estar unos d√≠as desaparecida, me estoy quedando sin gigas risa_ja risa_ja risa_ja risa_ja jajajja que slang_string vida + triste !!! Me voy al parque con los perros.."
0,Tener las piernas llenas de picaduras de mosquitos que parecen heridas NO ME HACE GRACIA.
3,user_ref se llama saber cual es la mejor forma de crear estructuras que aguanten ese peso
1,"user_ref Enhorabuena por los geniales resultados econ√≥micos de r√©cord del trimestre pasado, hac√©is un gran trabajo"
0,Hay una exposici√≥n de cuadros y uno de ellos est√° estropeandose por el agua del aire acondicionado que le cae encima
0,"user_ref Tio entonces piensas que mosca es un insulto, yo creo que eso es un poco irrespetuoso a las pobres"
2,user_ref Para los chicos es mil veces m√°s f√°cil donar que para las chicas
0,lo malo es que faltaba su mid y acabaron haciendo remake
1,user_ref user_ref La noticia perfecta para hash_tag hash_tag #NotasDelMisterio
1,Hoy toca escuchar a hash_tag hash_tag #MiguelRios con otros grandes artistas... hash_tag hash_tag #Insurrecci√≥n...
3,El Espanyol interesado en Akt√≠ Mel para reforzar su defensa esta temporada. Llegar√≠a por int_string int_string 2 millones del L-Casei Imunitas griego
1,"user_ref Perd√≥name la maldad, Julio, que sabes que slang_string te quiero, pero borr√°ndose del AMI se combate al menos a los separatas"
3,user_ref user_ref pues me da igual yo escribo lo que pienso ^^ y cuando lo pienso risa_ja risa_ja risa_ja risa_ja ajajaj si es que lo pienso
1,"user_ref user_ref user_ref Si hay que pecar de algo, que sea de ser buena gente!"
1,"user_ref me quedo tranquilo entonces, pero ir√© mirando la opci√≥n del coche"
0,Mi puto novio me ignora y quiero saber si hay un chino cerca de la biblioteca
0,He salido de casa sin ir al ba√±o y me estoy meando como una persona mayor
0,"user_ref user_ref s√≠, lo he le√≠do ese templo grande es el que he puesto en IG. Ha perdido su parte superior y est√° inaccesible"
0,"user_ref As√≠ me gusta, cada cosa a su CCAA. As√≠ dejamos de cargar las culpas a nuestra querida naci√≥n."
0,"user_ref pues yo no hay manera, y eso que tengo recuerdo lejano y de stats tengo una media de 69-70"
0,"user_ref user_ref user_ref user_ref user_ref user_ref user_ref user_ref Vamos mal, no... peor"
2,"user_ref aaahm bueno, disfruta la vida por esos lares, yo me vuelvo a Rusia en breve"
0,Silvia pesada deja de dar rt que me sale doble notificaci√≥n
2,"user_ref user_ref user_ref user_ref ""Resultad Sobrevives"" lo de estar loco funciona"
0,"user_ref pero nos hemos desmovilizado, Concha. Nosotros/as solas dejamos las calles. As√≠ nos va user_ref"
2,"Me he agobiado much√≠simo porque no encontraba a mis amigos en el Bar, luego he recordado que no tengo amigos y me he puesto feliz"
0,en realid√° √© algo duro de asimilar ni el alcohol me ayuda
0,user_ref los √°bacos si est√°n permitidos. Sobre todo porque la mayor√≠a no saben usarlo
1,user_ref user_ref user_ref ohhhhh eso tiene que ser muy divertido me imagino que los hombres est√°n vetados no?üòÄüòÄüòÄ
1,tio os quiero mil a los que me hab√©is hablado
0,user_ref en realidad es hip√≥crita todo eso como la camiseta esa de femimism del hym pero creo que en la vida cotidiana algo hace
0,"Hab√≠a un hombre en la calle. Estornud√≥ y yo desde la ventana le he dicho ""salud"" Me mir√≥ mal y sigui√≥ caminando"
0,"Me veis en persona, no me saludais y luego me hablais para decirme que me habeis visto"
1,"user_ref si es que no puedo olvidar cuando te viii, imposible. Que resumiendo, no te puedo olvidar y no lo har√© jam√°s chiqui ‚ù£Ô∏èüíû"
1,"user_ref En las carreras es al rev√© a m√°s inter√©s, m√°s coches ... pero t√∫ mismo lo dices, es una empresa, aunque se venda ..."
0,user_ref estoy total y absolutamente desesperanzada user_ref
1,"user_ref Bien bien, si estan celebrando un cumplea√±os, si todos nacieron el mismo dia hahahahahahha al menos son dos cap√≠tulos"
0,"user_ref cucha, una independentista escribiendo en espa√±ol!! Por muy del Bar√ßa que soy, te vas a buscar la vida grassias."
0,Porque son tan manipulables los peque√±os ? Y porque no ven a su padre igual que a su madre ? Triste
1,user_ref Muy chulas esas gafas Paula Y lo de guapa es talento innato tuyo :
3,"user_ref user_ref dicen que tira pa, san Mateo ahora Jaaja"
1,Esta tarde me voy a comprar un juego que estuve esperando much√≠simo tiempo... posiblemente lo suba esta tarde-noche Yoshi aparece
0,"Qu√© depresi√≥n me entra, de seguro gana gente que solo dio RT porque s√≠, por probar suerte y no verdaderos fans"
1,"Gracias Victorerubio por recomendarme el seguimiento de user_ref Artistas de talla internacional, mon√≥logos y musica en directo"
1,user_ref Muy sexy Sabrina! Besitos y feliz d√≠a!
0,user_ref risa_ja risa_ja risa_ja risa_ja jajajaja.... eso es una indirecta preparate hash_tag hash_tag #F que quiere reformar el ba√±o
1,WORK FROM HOME!! Ser√≠a espectacular y poder verlas m√°s! hash_tag hash_tag #ConMTVal727Tour
0,"Esta bien tener hermanos, siempre y cuando uno de ellos no decida ser subnormal perdido"
1,user_ref user_ref doble sub-campe√≥n de Europa algo es algo risa_ja risa_ja risa_ja risa_ja jaja
1,user_ref user_ref user_ref user_ref Ole los buenos almerienses!!!! Mil besitos!!!!
3,user_ref ahora tengo un dilema. Ay√∫dame Toni Y en 3DS porque me sali√≥ a int_string int_string 25 euros nuevo hyp_link
2,lo mejor es que son conversaciones normales y corrientes sin ning√∫n √°nimo de ligar pero simplemente porque no se ligar
1,user_ref user_ref y otros bi√≥logos como √©l se sentir√°n complacidos. ¬°Mola mucho!
1,"Est√°s haciendo MUY feliz a todo mi tl,yo tambi√©n quiero que me sigas user_ref"
1,"user_ref gracias, ya eran necesarias tras un duro a√±o de trabajo ¬øhas cogido t√∫ ya?"
0,"user_ref ay, joder, que resulta que es completamente vegana. Pues ya no me la compro."
0,user_ref Para cuando me escribes mi nombre bien precioso
0,"user_ref yo no tengo ni idea y soy la primera que dice ""tiempo reglamentario"" pero en su d√≠a me convencieron de que estaba mal dicho."
3,"user_ref user_ref El tuit va acompa√±ado de una foto que quiere decir lo contrario, S√ç es sarcasmo"
0,"user_ref un click m√°s, scroll y a veces el usuario se queda un poco colgado sin saber bien lo que tiene que hacer"
0,"user_ref user_ref user_ref user_ref user_ref Muy triste, pero no olvidemos la inestimable colaboraci√≥n del estado en ello"
0,user_ref el rottweiler es precioso pero... Esta zumbadisimo y ataca y yo muero de ganas de achucharlo
0,user_ref user_ref te lleguen a entender y a respetar. Muy malos tienen que ser para obligarte a comer algo a la fuerza
0,"Si es que lleg√°is aqu√≠ desde mi Favstar del cret√°cico y claro, luego no me dur√°is ni un suspiro. Que mis neuronas no son como antes, jop√©"
1,user_ref Hola bella Andrea!! Qu√© tengas un maravilloso d√≠a!! Besitos!
0,En fin estoy m√°s sola que la una viendo como una bollera duerme y esperando como un perrito pa que slang_string me saquen a pasear
0,"user_ref yo los vi en el Low cost de hace int_string int_string 3 a√±os y me decepcionaron, aunque dicen que lo mismo hacen una cagada o son la hostia"
1,user_ref esta vez me decanto por la japonesa. P. Me encanta la batalla de caratulas
3,user_ref michael jackson tambien y la gente canta sus canciones
2,user_ref podr√≠as solidarizarte conmigo y no comer ninguno...
1,user_ref user_ref user_ref user_ref user_ref Gracias pero los importantes sois vosotros. Los mediadores. Sois muy buenos
3,Volviendo a la actividad en hash_tag hash_tag #PlanetaInquietante con otro curioso hallazgo en Canelas. hash_tag hash_tag #Portonovo
1,"user_ref bien dicho Roberto, las cosas por su nombre, porque nadie dice cola cado"
0,me acaba de seguir una p√°gina para ligar por gustos musicales. s√© que estoy sola pero
1,Tengo una hermana que con ella no me puedo aburrir risa_ja risa_ja risa_ja risa_ja jaja creo que todas las gilipolleces las ha aprendido de m√≠. Es como una segunda Nicky
1,user_ref estar√°s super mona cuando pueda lo mirar√© yo tambi√©n. Me molar√≠a grupal de 'chicas Spidey'
2,"user_ref ¬øhaces tambi√©n la misma carrera? Jo, igual de una comunidad a otra cambian, be positive"
0,user_ref yo es que me asust√≥ muy f√°cil con el rollo paranormal
0,"user_ref pues descansa t√≠o, si se pone grave la cosa no podr√°s jugar en much√≠simo tiempo"
0,user_ref user_ref user_ref user_ref user_ref n escarmentams a ver si van a ser mismas encueshshtasshs eh user_ref
0,Sara piensa que slang_string vivo rayada xq me duermo escuchando a beret y weno
1,yo con un mensaje de buenos d√≠as y un coraz√≥n soy feliz
1,user_ref user_ref user_ref user_ref as√≠ es compa√±era. Un fuerte abrazo!
1,user_ref Y t√∫ tan estupenda como siempre!! Besitos y feliz d√≠a!!
1,al menos con ftwd se me hace m√°s ameno esperar a twd en Octubre
0,user_ref qu√© burrada pusieron hoy?? Que llevo meses bloqueada por otra heterada y me lo perd√≠
3,user_ref hace una semana que se sabe yo ya espero la edicion completa del juego
2,user_ref user_ref pues si eso har√©.. y lo sigo haciendo ya que haga lo que quiera. No pasa nada.
0,"es que todos los que dicen que los que escuchamos a ""los gemeliers"" somos adolescentes de mierda son los primeros adolescentes de mierda"
0,Hay videos que no se env√≠an porque no tengo espacio en el m√≥vil as√≠ que lo siento
0,2h y 31m para que acabe tu descarga Me cago en mi puta vida.
1,"user_ref no te hab√≠a reconocido en este perfil El placer es mutuo, guapa!"
0,user_ref risa_ja risa_ja risa_ja risa_ja jajajajaja pues que se vuelva loco conmigo leches... llevo dias pet√°ndolo y nada...
1,user_ref muchas gracias por seguirme. Nos leemos
1,user_ref user_ref user_ref lo de la sortija es un buen detalle!! gracias
3,Me recomendais alguna silla gaming buena please
0,user_ref sigo siendo feo pero es que cuando me conociste no ten√≠a el pelo rojo
1,Pocas maneras mejores se me ocurren para empezar una semana... hyp_link
1,"gracias por ser mi sorpresa y ser tan genial, nos vemos pronto seguro user_ref"
3,user_ref sab√©is si el NBA 2k17 va a tener juego cruzado entre pc y ps4? por ejemplo?
0,Ya a saber cuando vuelves a hacer un hash_tag hash_tag #FollowExpress lloro user_ref
0,¬øAlg√∫n d√≠a ser√© feliz por tener tu follow? user_ref
0,user_ref user_ref con lo f√°cil que slang_string ser√≠a educar para √©stas cosas... qu√© pena
1,Hoy microaventura en hash_tag hash_tag #kayak con dos expertos kayakistas R√≠a de Villaviciosa. user_ref El Puntal‚Ä¶ hyp_link
1,Quiero esta figura de Madison ojal√° que la pr√≥xima en salir sea Alicia hyp_link
0,user_ref no lo has dicho. Eres rara.. bueno eres diferente
3,"Preparando la maleta, proxima parada hash_tag hash_tag #huelva hash_tag hash_tag #fiestasconamigas üíÉüèªüëØüöÜ"
0,"user_ref user_ref Pues menudo susto. Al poner ""Tolerdo"" pens√© que se refer√≠a a su parodia user_ref"
2,Rub√©n y Mangel deber√≠an hacer como en int_string int_string 2013 y mencionarse en Twitter a cada rato. As√≠ nos har√≠an felices *no lo hacen*
0,user_ref user_ref mis amigos hablando jodes .... K bonita amistad
2,"user_ref se siente, ya est√° dicho"
1,"buenos billete pa cuba comprado, ahora a hacer mas dieta porque se ha deretido la tarjeta"
1,user_ref user_ref fue genial debemos organizar m√°s cosas as√≠ sin necesidad de que nadie abandone el pa√≠s üòÇ
3,"user_ref de sobra, si solo somos int_string int_string 3 dime tu ID y ya te agrego"
0,user_ref a las lesbianas machorras y eso ya no lo veo bien de hecho lo malo de las pelis es que los suelen poner de personajes ...
3,user_ref estamos todos juntos en esto
0,"user_ref no se valora el potencial del espa√±ol como lengua informativa en internet, negocio que se le escapa entre los dedos a Espa√±a."
1,En fin user_ref espero que recibas este tuit en otra realidad alternativa donde sigues viva porque ah√≠ no se acaba tu camino ¬°suerte!
1,"user_ref ha sido un placer! Muy profesionales hoy en user_ref a las 19,39"
3,"user_ref No se , creo que no . Yo solo mire mi fecha"
1,user_ref T√∫ tan bella y con estilo como siempre! Te mereces siempre lo mejor!! Eres maravillosa!! Besitos y feliz d√≠a!
0,"user_ref Me apiado de ti, yo me entero de que existen porque t√∫ los encuentras. O sea, alguien los lee primero"
2,Quiero hacerle algo especial a David para que cuando lo vea sonria pero no se me ocurre nada
1,"Lo he a√±adido porque antes no sabia hacerlo, pero estuve leyendo estos dias bastante y encontre el modo de hacerlo perfecto"
0,user_ref yo es que durante el verano y con la matricula hecha he cambiado de opinion. Quiero dar psicologia pero toca FP de infor
0,"user_ref user_ref estoy cansado ya de salir a la calle y que todo el mundo me para para hacer fotos, esta vida es muy dura"
1,.@UGMadrid la recomendaci√≥n en nuestra. ¬°Nada mejor que una buena partida de paintball!
0,"user_ref no te voy a criticar por subir un video desagradable, pero te invito a que vayas a Cuba y te quedes un tiempo a ver que tal"
0,"user_ref user_ref hash_tag hash_tag #NecesitoElViajeAAndalucia bueno si un tal premio al mongol o algo as√≠, pero eso era malo"
1,user_ref S√≠! El escenario MUWI Revell√≠n es gratuito y abierto al p√∫blico
0,"user_ref Hola no se actualiza clasificaciones y lo que es peor, el mercado est√° vac√≠o desde hace tiempo"
0,me voy a quedar af√≥nico de tanto hacer guturales con fiebre
0,"user_ref user_ref La promocion solo es para los que no saben como gestionar un canal por si mismos al fin y al cabo, la via rapida"
0,"user_ref user_ref yo se lo dije int_string int_string 10 veces ya, pero el me sigue teniendo ese peque√±o odio... es comprensible, siempre le caere mal"
3,aqu√≠ escuchando el soundtrack de mamma mia con la ex dancing queen de mar√≠a
0,user_ref tres tristes trokistas pican piedra en un gulag
0,que te echo de menos cosa chicaa! hyp_link
3,user_ref tendremos que probarlos y de paso hacer alguna video receta chicos user_ref
1,"user_ref es lo que tiene Amazon a uno que conozco le llega el Lunes, si√©ntete afortunada"
1,user_ref -felicidades!!! üéâ -sales genial en tu icon -no te conozco casi nada -
3,user_ref si es eso pero bueno yo que se cada uno tiene sus gustos porque xd amiks
1,"Eso si, soy una persona MUY ir√≥nica y me gusta much√≠simo el humor muy as√≠"
0,"user_ref Como s√© que eres un flipado y no vas a cambiar, enmarca esos defib kills, as√≠ tienes el unico award que ense√±ar a user_ref"
0,user_ref yo nunca la he podido ver entera porque literalmente me duermo
1,user_ref Hola Luis!! Vendr√°s a Barcelona a promocionar hash_tag hash_tag #TardeParaLaIra ?? Un abrazo crack y feliz d√≠a!
0,Ese momento en el que no tienes megas para ver el video y en casa de tu padre no hay wifi hash_tag hash_tag #MamaHeAsesinadoAMiNovia
1,user_ref user_ref Ver√≥nika es una gran actriz y sobretodo una maravillosa persona!! Deseando verla ah√≠!! Besos!
1,Estoy preparando un mont√≥n de ideas muy chulas para el canal poco a poco iremos subiendo el nivel y la calidad de los v√≠deos
1,"El d√≠a int_string int_string 2 tengo los ex√°menes, suena lejano pero es la semana que viene risa_ja risa_ja risa_ja risa_ja jajaxd"
0,"user_ref casi todo tiene manteca de cerdo, las gominolas(tristemente) no son lo √∫nico"
1,user_ref en septiembre limitan el horario de toboganes pero las piscinas siguen abiertas hasta noviembre
3,user_ref y las galletas? Buenos d√≠as Michelle
1,Buenos d√≠as user_ref Y que podamos contarlo
1,"Buenos d√≠as, esto va en serio....primer d√≠a de curro..... hash_tag hash_tag #FelizMartes!!"
0,Ultimamente estoy comiendo muchos macarrones... gracias Se√±or user_ref sin ti esto no ser√≠a posible
3,"Xenomorfos imprimados y a apenas seis horas de ""Mankind Divided"". ¬°Menudo d√≠a!"
0,user_ref ? Este Tweet no est√° disponible. dice que slang_string el link no existe
3,user_ref ¬øuna funda asustadiza? Y su funci√≥n...¬øsobrevivir para luchar otro d√≠a?
0,"user_ref se nos queda peque√±a, s√≥lo int_string int_string 300 de aforo"
1,user_ref Genial!! Vendr√° user_ref ?? Saludos y buen d√≠a!
0,"user_ref user_ref no estoy de acuerdo, las cicatrices siempre recuerdan dolor, sufrido o provocado"
1,user_ref ¬°De nada! Me gust√≥ mucho ese paseo alternativo por otro Gante
3,user_ref user_ref user_ref que tal en el concierto os lo pasasteis genial?
1,user_ref cuando diras los ganadores PD:buenos dias que tengas un lindo day
1,"user_ref user_ref Qu√© chulada! Mola mucho el post, chicas!"
1,user_ref Tambi√©n es el cumplea√±os de la preciosa actriz user_ref !!
0,Ayer iba a probarme el cosplay de Nozomi chico y verme los primeros caps de Diamond no Ace... y no pude
1,"user_ref A mi el de Babe me gusta mucho, y si no sesderma creo que va muy bien"
2,"user_ref a√∫n le queda un poquillo, pero por supuesto. Aunque tengo lista de rivales pendientes"
3,"user_ref ll√©vame a tu casa, la otra vez blastoise y hoy dragonite"
3,user_ref user_ref user_ref Y el contrato √∫nico va a ser posible? Gracias por la respuesta Bnxes
1,"Los canales de Latinoam√©rica como Andr√©s Navy, Extraordinerd o The Top Comics tampoco est√°n nada mal, hay muy buen material"
1,"user_ref por cierto, felicidades Gran noticia."
1,Hoy es el cumplea√±os de lo m√°s mol√≥n de La Hoya ¬°Felicitad todos a la bonica y maja de user_ref
1,"user_ref Es intrigante la autoexploraci√≥n de los estados de consciencia a trav√©s de un espejo, de la mano de un pionero como Gaona"
3,"user_ref user_ref ya me lo llev√© la semana pasada, pensaba que ser√≠ais los primeros en darme, jo"
3,user_ref hola ¬øme podr√≠an seguir para hacer una consulta por Mensaje Directo? Muchas gracias
0,"Vale, pero creo que tendre un peque√±o problema No se si podre tener las llaves el piso para las fotos hyp_link"
0,user_ref imposible he tenido un par de horas libres solo. ¬°Ha sido una visita fugaz!
1,De las pocas veces que hablamos por skype me pareciste una grand√≠sima persona
0,user_ref Pues tuvo que ser al ponerme el pijama pq √∫ltimamente uso vestidos largos. Tengo un ronch√≥n considerable
2,"user_ref hombre! Yo siempre y con la gente que me cae bien claro, con los que me caen mal ni agua Muacc"
1,He vuelto a escuchar Orishas int_string int_string 5 a√±os despu√©s y es maravilloso
0,Estoy pasando por una cuerda fina de inestabilidad emocional a gatas
2,A ver que asi a lo tonto me quedan solo int_string int_string 2 dias en Galicia.
1,Como apruebe (o si suspendo pero paso) voy a montar una fiesta y no parar√© de beber hasta k mi h√≠gado reviente
0,"Os ha dado por un tweet mio del int_string int_string 16 de agosto a la hora de dormir cabrones, tendr√© que silenciar el movil"
1,acabo de hablar con alba y ya esroy un poquito mejor
2,user_ref pues imaginate en una casa muy grande
0,vale acabo de ver algo muy desagradable gracias cris y buenas noches
1,"user_ref Gracias a datos como esos, hoy d√≠a tenemos un mejor cat√°logo s√≠smico con datos hist√≥ricos"
0,"user_ref user_ref Claro, es que es muy com√∫n que en los pueblos no los tengan en pisos, los llevan a la huerta y los tienen solos"
1,user_ref Cierto qu√© bonico es darles otra vida a los libros
0,user_ref user_ref user_ref lo mas gracioso es que diciendo esas cosas solo fomenta aun mas el odio hacia el feminismo
1,"user_ref tio que depresi√≥n. Pero no pasa nada, el amor lo soluciona todo"
2,"user_ref No dobles las esquinas! üò±üò± Pon post-its!, se queda m√°s cuqui hyp_link"
1,user_ref experto en hacer reencuentros inolvidables since int_string int_string 1994
0,"user_ref y mi pobre hija tragando, no es justo"
3,"user_ref ah vale, jo Boski yo quer√≠a jugar contigo"
3,Que entro al youtube i casi tots los videos son de haul material escolar i pos mira
0,Me gustar√≠a arreglar tantas cosas pero no puedo arreglar ninguna y es muy frustrante
1,Se viene pelea y de las fuertes entre Willy Toledo y el Peque√±o Nicol√°s hash_tag hash_tag #HableConEllas
1,hash_tag hash_tag #TrendingEstreno mi artista favorito es user_ref para ver en el user_ref user_ref
1,user_ref hash_tag hash_tag #WillyToledo dici√©ndole a la cara las verdades de hash_tag hash_tag #HableConEllas. El primer entrevistado que se atreve a hacerlo en directo
3,"Os imagino tal que as - oye t√≠o digamos que somos aliados para follar m√°s risa_je risa_je jeje - venga t√≠o,va a ver si cuela"
1,user_ref risa_ja risa_ja risa_ja risa_ja jajajajajaja me meo que yo tengo mi novio y √©l tiene su novia y estamos los dos contentos
1,"user_ref Ambientado tambi√©n en Italia, es una comedia sobre una serie de parejas y entuertos, con honor, clase social y mucho humor"
3,"user_ref ahora es cuando tomo mis notas y comienzo a hacerle preguntas a mi nueva ""hija"""
0,Se acabo lo bueno no tardes en volver hasta el a√±o que viene
1,user_ref user_ref nos hemos conocido hace unos cuantos a√±os y claro surgi√≥ el amor
0,me pone muy nerviosa que la gente no entienda que A VECES PUEDO BROMEAR
2,"user_ref Mira que slang_string me gustar√≠a, Juan, hablar contigo con emoticonos, pero est√° visto que ntros m√≥viles no son compatibles!"
3,user_ref ¬øcu√°ndo son los pr√≥ximos partidos? ¬øD√≥nde esta el calendario? Gracias
0,user_ref user_ref Gracias!! ^-^ Que pena Pero a la pr√≥xima ser√° üëç
2,"user_ref ay, ayer cuando lo publicaron y lo vi me entr√≥ un sentimiento m√°s grande por dentro..."
0,"OMG esta no he acertado, premio para Calvin que tampoco est√° int_string int_string 1 de int_string int_string 2 aciertos hash_tag hash_tag #VMAs"
0,user_ref a mi me parece entretenida pero ojala oudiese acceder a las comunidades inglesas
1,user_ref es que Nacho est√° haciendo una cadena graciosa
1,"user_ref Para ser un filler tiene bastante chicha... XDD, si es muy bueno entra al Olimpo con el Duel, los int_string int_string 2 mejores filler"
2,El principio ha sido s√∫per iconic pero con tanto movimiento iba muerta la pobre hash_tag hash_tag #VMAs
2,"user_ref user_ref cari pero ha sido la parte dance, despu√©s vendr√° la parte vocal"
1,¬°Gracias a ti user_ref Que tengas una buena tarde hash_tag hash_tag #FelizLunes
0,"[INFO] IGOT7, no hemos comprartido nada sobre los ISAC porque no esta permitido hacerlo hasta la emisi√≥n, haced lo mismo hasta entonces"
0,"user_ref me pasaba igual xD, de todos modos el control de NiOh no me gusta nada"
0,"user_ref me siento very important risa_je risa_je jeje no en verdad no, esto es una mierda"
1,"VALE YA FUNCIONA ALELUYA he tenido que cambiar el boton de la palanza derecha, por el de la izquierda que slang_string estaba roto"
1,user_ref user_ref Tu no tienes familia con huerta y perros no? Los tienen en unas condiciones estupendas
1,"user_ref user_ref Pues perfecto, una buena cerveza entra siempre bien"
1,user_ref user_ref Bien! Yo no se que tiene el mundo en contra de la tercera generaci√≥n Mi fav es la primera pero merece la pena.
1,S√≥lo la Karlita me entiende y me da buenos consejos
3,Voy a dejarme crecer las cejas a tope en plan naturales porque
3,y llegoo user_ref para ponernos a gemeliers!! besos desde Motril user_ref
1,"user_ref Pero es una alegr√≠a ver toda la gente que ha salido en defensa de los cl√°sicos y la cultura, estoy gratamente sorprendida"
0,user_ref alg√∫no subiria acongojado por los precipicios
0,üåº evan peters üåº -casi siempre me equivoco y pongo evans peter -dejadme -es muy sdasldjalsk
2,Me he acostumbrado tanto a ver v√≠deos de user_ref pelirojo que veo los suyos antiguos y es como
0,user_ref Impresionante. Una pena que hoy no pueda hacer una foto del atardecer.. P.d Gracias guapi√±o
0,user_ref user_ref y como ya sabemos todos el amor no solo es ciego sino que no entiende de criterio musical
3,user_ref Claro. Tengo mazo de ideas para este √∫ltimo cuarto de a√±o
0,user_ref user_ref user_ref Ese √©s un fallo grave. No he podido darle un vida plena
0,"user_ref tienen muchos problemas de espalda, rodillas y tobillos pero solo compiten hasta los int_string int_string 22 o as√≠. Con int_string int_string 22 ya eres viejo."
0,user_ref estamos enamorados y a veces me hace da√±o porque se va a chupar culo de otras perras y no me dice nada hash_tag hash_tag #crisis
0,user_ref justo esta ma√±ana no ha podido insultarlos porque estaba en comisaria AMPLIANDO LA DENUNCIA POR ACOSO
0,la jardi y yo estamos aburridas pa cu√°ndo vienes? user_ref
1,"user_ref bueno, a veces es lo √∫nico que tengo, y hay algunos que merecen la pena"
1,"Por fin mis amigos me empiezan a visitar en mis destinos de trabajo, solo han tenido que pasar int_string int_string 5 a√±os!!!! (Bueno en Guada tb tuve )"
1,mi espalda esta bien chicos no os preocupeis P espero que el juicio sea lento y me libre de la carcel hyp_link
0,"user_ref Jo no me parece bien porque se va a ir Yessica a la primera, pero bueno al menos ha llegado al TOP8, no la esperaba aqui."
1,user_ref habr√° que acompa√±ar la temporada seguramente exitosa de James con un recordatorio frecuente a tu descomunal trabajo
0,"user_ref es la mejor y la peor a la vez. Yo la quiero de vuelta, no me la pueden quitar as√≠ con otro cuarto puesto en R√≠o"
3,"user_ref casco viejo, al final de somera"
1,"user_ref pues no, algunos lunes son maravillosos...por ejemplo el de hoy! üòú Hasta ma√±ana!"
1,"Oie , adoro mi cuenta , llena de cosas bonitas"
0,user_ref pues estar√°n viendo una serie diferente que t√∫ y yo oye porque no hay absolutamente nada entre esos dos
1,"Me encanta estar as√≠ de feliz...ojal√° y esto toda la vida!!! Buenisimas noches Gracias, te amo user_ref üòôüòò"
0,user_ref int_string int_string 2 asistencias me han faltado para el triple doble
2,"Hoy ha sido un d√≠a duro, y me he pillado un dedo con una puerta y me duele mucho pero se me pasa sabiendo que ma√±ana veo a user_ref üíöüíö"
1,Libros que enganchan desde la primera p√°gina y hacen que el tiempo vuele....! Buenisismas noches
2,En fin me voy a dormir dadme unas buenas noches bonitas por MD
2,"user_ref Tod@s deber√≠amos llevar en nuestro d√≠a a d√≠a, est√° frase, ya que slang_string tod@s somos inmigrantes en alg√∫n lugar."
1,user_ref pues Floki ser√° el siguiente Muchas gracias por haberme ayudado
0,user_ref user_ref si haase hace otro set y janowicz el over. Me voy a estar acordando del puto chino toda noche......
3,Decidle a los de spoti que vuelvan a poner la versi√≥n ac√∫stica de Creep user_ref
0,Lo borro y lo rehago
0,Es que es de los abiertos y no lo puedo llevar a clase porque no pudo dejarlo en el asiento que se cae todo
0,user_ref Al final lo acabaremos pagando los consumidores
0,"user_ref Quiz√°s es porque tambi√©n hay pocas personas de esas profesiones involucradas en la po√≠tica, y si mucho bur√≥crata"
1,user_ref Bonito rinc√≥n ¬°Qu√© ganas de ver la nueva web!
0,tengo s√∫per ganas de comerme un peaso de ciego que flipasss pero la cosa es con qui√©n pq nadie quiere beber
1,user_ref ¬°artista! Muchas gracias por ayudarme a dejar el libro bonito
1,user_ref Vale Lo he probado hoy y me parece muy bueno... ver√© tus v√≠deos
0,me he tenido que poner unos calcetines porque siempre tengo los pies frios y me pone triste calcetines en verano
3,De que color cojo las plumas de mis nuevas flechas???
2,user_ref poco pero intenso estoy por pirarme un d√≠a a sevilla con el Mario
1,Buen viaje a todos los cod players que van ma√±ana a bcn pasarlo bien y disfrutarlo que yo no puedo
3,"Manuel Carrasc -Uno por slang_string Uno me gusta -Vale -Ok -ta luego maricarmen -no me gusta pero, vamos a decir que lo respeto -me se canciones"
0,No puedo poner el insta histories ese raro alguna ayuda?
1,"user_ref Bueno, el fr√≠o es lo de menos, siempre te puedes poner un buen abrigo"
0,t√≠o pero el final es una mierda me ha dado much√≠sima pena de verdad pero bueno no hago spoiler pero pf
0,Quiero que en mi foto de carn√© en lugar de una fotograf√≠a de mi cara me dejen poner un emoticono de carita triste
0,Sab√≠a yo qu√© triste nadie me hace caso
0,Pensaba que iba a morir en la carretera volviendo de la playa pero he vuelto a Sevilla sano y salvo vaya tela
1,user_ref menos mal que no has dicho escuchal üòÇüòÇüòÇüòÇüòÇ hash_tag hash_tag #enlacabezaNo hash_tag hash_tag #loSiento
0,Se busca KAORI para el s√°bado del sal√≥n de MURCIA en noviembre No quiero ir de Kousei sola RT pls hyp_link
2,user_ref user_ref user_ref user_ref me falt√≥ user_ref y eso que estoy deseando escuchar sus vi√±etas musicales y lo sabe
0,user_ref user_ref plan C de capullos mejor
1,user_ref siiiiii t√≠o el viernes te invito a una litro jurao
0,Estoy en una monta√±a rusa emocional en la que pilotan mis ovarios. De putis
2,No hay nada m√°s bonito que slang_string separarse de slang_string una persona y que slang_string al tiempo t diga que slang_string t echa de menos... pero a mi no m va a pasar
0,user_ref fresquita... lo √∫nico malo fue que nos quitaron el banco bueno
1,"Y en mi momento de alta autoestima/ego, les puedo asegurar que mi sonrisa se contagia (en persona, obviamente)"
0,user_ref sabes que eso no es as√≠
2,Estoy pensanfo seriamente ir ma√±ana a Bilbao de caza y de compras Ohhh wait pero si yo no salgo de casa
0,Ojala yo present√°ndome para el concurso de shawn pero como vergonzosa se nace y seguro que no me dejan participar pues aqui estoy
2,user_ref dio que dice po que me hable si yo soy un libro abierto me puede habla pa conocerme quien quiera
0,Cuando le he dicho a la bollo que estoy morena se ha re√≠do en mi cara
1,user_ref no tengo pero en iphone esta la app tubex que te deja salirte y seguir escuchando canciones y se pasan solas
1,user_ref user_ref lo tengo desde los int_string int_string 14 a√±os juntos int_string int_string 32 casados int_string int_string 30 y yo me derrito si se acerca y el se desvive por k este
1,"user_ref user_ref siiiii, y de nuevo estoy en lista para ir al programa. Y luego el concierto de OT"
0,"user_ref a m√≠ me pasa a veces igual, prueba que te lo cambien o algo es que a mi me lo cambiaron har√° unos meses porque antes no iba N√Å"
2,"user_ref user_ref No, pero dejarte la piel, ir 7¬∫ y descartar los puntos s√≠. Lee el text Carlos nos lo explic√≥ muy clarito"
3,"user_ref mira el hilo, que est√° explicado es el primer planeta (b) de la estrella Pr√≥xima Centaur Pr√≥xima Centauri b"
1,"user_ref estar√≠a a un paseo en tren de Madrid, y tendr√≠a findes largos cada dos semanas..."
2,"user_ref por eso he dicho ""casi"" como m√©todo sutil de aproximaci√≥n"
3,"Pablo contin√∫a su hilo, imprescindible. Luego haremos crowfunding entre todos para hacerle un ""Medium"" hyp_link"
0,Me habr√≠a gustado hacer alguna de las de los Targaryen pero como est√°n en paradero desconocido pueh no hay imagenes buenas de ellas y
1,user_ref user_ref Muchas gracias! Un placer conocer un pueblo tan precioso
0,"üåº severus snape üåº -pobresito -nunca le odi√©, me parec√≠a muy estricto e injusto pero sab√≠a que algo pasaba..."
2,"user_ref user_ref Ojal√°, aunque la posibilidad es tan peque√±a"
0,user_ref no me hagas da√±o user_ref que cruel risa_ja risa_ja risa_ja risa_ja jajaja habr√≠a que slang_string verlo ^^
0,"user_ref Tanto, que hace m√°s de dos a√±os ya que lo dej√© y a√∫n no me he atrevido a tener nada estable con nadie. Me da cosita..."
0,user_ref ojal√° lo hubiera podido hacer negro
1,user_ref Genial!! Ser√° la √∫ltima parada antes del estreno en salas
0,ojal√° justin subiendo una foto comi√©ndose la boca con sof√≠a para que os den por culo a todas
1,Tengo ganas de hacer un stream muy especial.. Un 24horas pero con un objetivo...
1,user_ref risa_ja risa_ja risa_ja risa_ja Jajaja ah√≠ tenemos gustos diferentes pero as√≠ tb se puede hablar de todo hash_tag hash_tag #TonyYSorayaEnMalaga
1,Alba Carrillo como buena modelo haciendo gala de su profesi√≥n en la entrevista a Willy Toledo hash_tag hash_tag #HableConEllas
3,qui√©n se viene conmigo ma√±ana a beber a embarca ??
1,"Un hastag por un buen motivo, dadle a tope venga hash_tag hash_tag #demoslelavuelta"
1,"user_ref Cracias Cristina todo lo que me dices es una bendici√≥n tienes que ser paciente y veras como llega el milagro solo asi,ten Fe"
2,"Al final la triatl√≥n ha salido pero por pura tozudez ... 7:07 de esfuerzos, mi estado es de reventado para arriba"
3,user_ref En cuando era peque√±a y bailaba en mi pueblo descalza con un vestido ¬øTu?
0,Creo que mi amor plat√≥nico de tw es gay y me acabo de poner tan triste
0,user_ref me acabo de poner mala y ma√±ana es la quedada en M√°laga ojal√° recuperarme antes de la quedada‚ô•
0,"user_ref confundes conceptos, este es el nivel, medidas sociales ‚â† socialismo. Buenas noches que ma√±ana se madruga ¬øo no?"
2,user_ref Lo habr√≠as hecho con o sin m√≠
0,user_ref se que no me vas a leer pero si pudieras decirme a que hora coges el ave ma√±ana me harias muy feliz. No he podido verte hoy
0,user_ref se que no me vas a leer pero si pudieras decirme a que hora coges el ave ma√±ana me harias muy feliz. No he podido verte hoy
0,user_ref se que no me vas a leer pero si pudieras decirme a que hora coges el ave a ma√±ana me harias muy feliz. No he podido verte hoy
1,Estoy poniendo fotos a lo loco porque no tengo las mias Pero no va tan mal...üòè hyp_link
0,"Y cada vez que lo digo no puedo evitar pensar que si no le hubiera ""prestado"" 650‚Ç¨ a ese, ya tendr√≠a una de puta madre whatever"
0,"user_ref Si juegan bien, pero no saben chutar, estamos apa√±ados. Ninguno sabe chutar a gol en el Valencia?"
0,"user_ref user_ref paso, paso de tener que definir que es o no es una ostia, que por ahi te escaqueas"
2,"Os lo pido por favor en serio, es muy importante para m√≠ üôè hyp_link"
0,Mandame mensajes de amor que me quiero sentir querida al despertarme que estoy muy sad
0,"Y venga, cuando os ve√°is sin un puto duro, acordarse de mi guapis"
2,Parafraseando a Salom√≥ Es mejor perder a tu hijo a que lo partan por la mitad
1,Cl√°sico d√≠a donostiarra para quedarse en casita con el f√∫tbol hash_tag hash_tag #Donostia hash_tag hash_tag #F√∫tbol
2,"gente de slang_string madrid fav aqi y os hablo, qiero conocer a gente nueva"
1,"user_ref user_ref ¬°Permiso ninguno, por favor! La foto es de Miquel, y yo encantado de poder verla en mi timeline"
2,user_ref la parte de acci√≥n se me hizo muy pesada. Pero los momentos bonitos son muy bonitos
0,"Rivera y Rajoy no han pactado que Nivea vuelva a lanzar pelotas de playa desde una avioneta, como cuando era peque√±o. Nos vemos el 25D"
0,user_ref claroooo o a varios solo que ya les vale ... PSOE roto etc
0,Como la gente siga siendo aburrida les mandar√© a la puta
1,user_ref me encantan los VAPES gracias por estar ah√≠ todos los d√≠as y alegrarnos
3,Esta noche nuevo hash_tag hash_tag #Directo de hash_tag hash_tag #Battlefield3 en el canal. Podreis proponerme armas con las que jugar para putearme hyp_link
0,user_ref la Universidad es f√°cil porque estudias lo que te gusta JAJAJAJAJAJAJAJAJAJAJAJA ES TODO MENTIRA
1,user_ref Son dos frases. La una complementa a la otra. As√≠ se entiende mejor
2,user_ref user_ref claro bryan es otra cuesti√≥n del tema ... Si abres m√°s d√≠as alquiler m√°s caro .
3,user_ref algunos callaos pa que no nos digan reventaores la Yihad!
0,Pues me han metido un buen repasito en la final de hoy del torneo de Liga Playstation risa_je risa_je jejejeje se notan las vacaciones
1,El solo que hace Rosendo en Flojos de Pantal√≥n es Flipante!!!
2,"user_ref user_ref no me lo como, solo muerdo y estiro y si llevo las cut√≠culas bien, no lo hago, ahora est√°n top"
0,"user_ref user_ref user_ref Noooo estamos todos en Lucena, que slang_string miedo ya no se puede estar tampoco tranquilos en la playa"
0,user_ref A gente tonta es dificil acostumbrarse
1,user_ref pod√©is pasar gratis para la siguiente temporada
2,user_ref user_ref user_ref Pero si los waitos ya est√°is aislaos!
0,¬øAlguien es tan amable de ir a hacerme la compra ma√±ana? Estoy de un baj√≥n y de antojos que‚Ä¶ hyp_link
3,Pues esperando al se√±or user_ref para la caza de pokemon nocturna me hallo
2,Yo solo quiero a alguien que odie A7x conmigo
0,"user_ref user_ref a vosotros las manchas os quedan divinas y a mi me han potado un arcoiris en la cara con mucho odio, no es justo"
2,user_ref Faltan las canciones que cuando est√°s triste te hacen llorar y a la vez re√≠r cuando est√°s alegre
1,"Esperando la nueva temporada de slang_string hash_tag hash_tag #SuperShore2 ,vamos calentando motores con el estreno de hash_tag hash_tag #AcapulcoShore3 esta noche a las 22:30 user_ref"
0,"Obviamente las preguntas tienen que ir en el e-mail, no ENCIMA del v√≠deo ni nada parecido, sino no podr√© usarlo"
3,user_ref Muy buenas amigos! Como podemos contactar con ustedes?
0,"Esperemos que todo empiece a tirar para arriba porque se necesita mucho para despegar un proyecto asi, y es el unico miedo que tengo"
1,"Me est√° molando bastante el rollo este del knifing, encima los tricks con bal√≠stico no se me dan nada mal"
1,Hace tres d√≠as que entre a user_ref y hoy me he pegado el segundo clip int_string int_string 1080 desde lo alto del ala del caza hyp_link
1,user_ref DONDE LO VES!!? Es mi programa favorito üò¢ y s√≥lo encuentro hasta temporada 5-6 y esos ya los tengo vistos
0,"user_ref user_ref Se nos pone sentimental Pa√±uelos, por favor!"
3,"El pr√≥ximo v√≠deo es simplemente explicando c√≥mo participar para salir en ""Respondiendo en Verso"" especial 500.000"
1,"user_ref muchas gracias ni√±uca, t√∫ tienes una gran sensibilidad por eso valoro mucho tu opini√≥n. Feliz noche"
1,user_ref user_ref user_ref user_ref Al final ha sucumbido el maldito a nuestra dura mano
2,user_ref Yo tambi√©n vi la peli y llor√© lo que no est√° escrito Ahora estoy leyendo el libro y me estoy echando unas risas impresionantes!
0,He probado una nueva espuma para el pelo y s√≠ que lo deja m√°s rizado pero se queda como efecto gomina y no me gusta.
3,user_ref tengo que estudiar as√≠ que la semana que viene a lo mejor
0,"user_ref hoy te he visto (y tu a mi) y no me has saludado, mala gente (no te dije nada porque ibas acompa√±ada)"
0,"user_ref estaba en momento ""odio eterno"" necesitaba compartirlo adem√°s yo hace poco que tengo canal y no me siento NADA identificada"
1,user_ref un hilo fabuloso comparto todo lo que dices ^^
2,user_ref si hubiese una opci√≥n de ''kill'' seguro que era la m√°s votada
3,"Al final el v√≠deo lo subo ma√±ana, que acabo de llegar a casa."
1,"user_ref Toca un tema maravilloso, porque sin dejar de ser ficci√≥n es algo que podr√≠a darse. Un Gran Hermano vol.02"
2,user_ref user_ref Ninguno de los clubes lo hizo oficial pero se dice que s√≠
0,user_ref una oleada de cosas hom√≥fobas d√≠as anteriores
3,user_ref Al rev√©s Si quiero hacer cosas me quedo en cada a ver la peli ejem.
0,user_ref la culpa es de la gente que juega segunda no te enga√±es a ti mismo
2,"user_ref user_ref user_ref user_ref normal, con esa cara que tienes Alexia"
0,user_ref yo te felicitaria pero no me quedan caracteres en este tweet con lo cual lo siento mucho sera el a√±o que viene no te rayes bro
0,"Chatel con mis primos le hicimos un funeral a una lora de la casa de mis abuelos, cantando una adaptaci√≥n de ""Querida"". DEP Juanga"
0,Tengo dos orzuelos enquistados en el ojo izquierdo y me hacen la cara muy asim√©trica. Me veo raro
3,No me llamo Laura pero te casarias conmigo? hash_tag hash_tag #ElRaboDe8cho user_ref
0,Vamos a enfrentarnos un poquito a fotos viejas ) apuf
1,No hay nada como ver la semifinal masculina de La Nuc√≠a Open de P√°del mientras hago int_string int_string 30 min de bici est√°tica a tope
0,user_ref No voy ni a Vigo voy ir a Madrid? risa_ja risa_ja risa_ja risa_ja Jajajaja que vivo en Coru√±a tonto
3,user_ref user_ref Por favor xikos eso lo hablais en privado vale?
0,"¬øSoy la √∫nica que no est√° viendo el partido? Aunque me gustar√≠a, la verdad"
0,user_ref no estoy convencido. P.e. Me gustar√≠a ver a Cerny y Nouri en el 1r equipo y menos Gudelj y El Ghazi... Le doy tiempo. (2/2)
0,"Somos los espa√±oles c√≥mplices de que gobierne el PP NO. Son sus cerca de int_string int_string 8 millones de votantes, de los m√°s de int_string int_string 34 millones censados"
1,"user_ref para el frio la solucion es hacer lo que dice esta frase ""sabado sabadete camisa nueva y ...."""
1,user_ref felicidades pareja!!! Peazo abuelo va a tener tu hijo....estar√° pletorico
1,user_ref yo lo tengo facil mi unicovy verdadero amor es pokemon
2,user_ref es que que hacen tio
3,Con un RT podr√°s ayudar a la asociaci√≥n de robots con problemas psicomotrices de la Guardia Carmes√≠ hyp_link
1,"user_ref user_ref user_ref Est√°n comenzando a hacerse un poco visibles ahora. Y ya van por su segundo modelo ""Fairphone 2"""
3,Final copa libertadores en BAL! la √∫ltima final de Bradinho... hyp_link
0,Alg√∫n d√≠a dejar√© de ver a Rem en mi TL y no recordar√© a Subaru lo subnormal que fue de no escogerla.
0,"Lo siento mucho bueno, os he dejado un v√≠deo de hype para el stream de ma√±ana, que va a ser fuertesito"
0,"user_ref El anuncio es cutre, cutre. Joseba quien es?"
2,"user_ref te recuerdo que soy una persona que tiene criterio, equivocado, pero lo tengo"
1,user_ref user_ref user_ref B√∫scame un Zapdos de esos legales que tanto te gustan wapo
1,Buen amigo eres user_ref gracias por compartir tu pregunta en ese Ask 2.0
1,"user_ref buenas noches, David un abrazo!"
3,user_ref Mi pa√≠s El primer tema que escuche de Nach
0,Qu√© pobre soy no puedo ver los VMA
0,user_ref quer√≠a poner me ten√©is quemad√≠sima pero no cabe y salen los puntitos
1,user_ref te conoc√≠ y ya no te he vuelto a ver me pareces super sincero y leal y me gusta hablar contigo
1,"user_ref la verdad es que tiene buena pinta. Investigar√©, gracias"
1,Acabo de descubrir a Filip van der Cruyssen y sus increibles hash_tag hash_tag #fotografia de hash_tag hash_tag #retratos ...yo quiero hyp_link
0,user_ref en Espa√±a comemos (tragamos) de todo y con tod aqu√≠ esta trayectoria pol√≠tica parece normal. Saludos
0,"user_ref Nunca hab√≠a visto al Valencia el √∫ltimo de la Clasificaci√≥n. Que pasa con el Valencia, ya no ganamos."
0,"user_ref Lo s√©, a pesar de saber que no deber√≠a simplemente enamorarme de una cara bonita como la tuya... Soy muy superficial"
0,"user_ref Pues yo no me crei esa expulsion, me parecio otro tongo como la de Ares, los dos mayores robados de aquella temporada"
0,user_ref intent√© eso el a√±o pasado y mi m√≥vil se hizo el loco con la alarma
2,"user_ref yooooo seria novato, pero tengo charlas en la rec√°mara"
1,"user_ref user_ref hoy tocaba ir al del oeste, por cambiar. S√≠, el cambio es a mejor"
0,"user_ref si ya las hago, pero promocionarse es complicadillo tengo pensado hacer un sorteo en poco"
1,Como siempre mi tortilla triunfa mas que otros platos hash_tag hash_tag #playa‚Ä¶ hyp_link
2,por qu√© dices eso? Yo soy otaku y no hablo casi de aniJAJAJAJA era broma sis
1,"user_ref vaya, felicidades atrasadas y muchas gracias"
0,Me encanta como han decidido a que universidad voy a ir sin ni siquiera consultarmelo
3,"yo esque los veranos curro, asi que no puedo quedar mucho pero si algun dia te pasas avisa y vamos a full hd user_ref"
0,"user_ref Para Nigtwish tengo asiento, aunque fueramos juntos no podr√≠amos sentarnos uno al lado del otro Para los otros tengo pista"
0,user_ref en verdad s√≠ pero yo estuve intentando varias veces quedarme dormida
1,"Verano completito... Fuengirola, Pe√±iscola, Valle del Jerte, fiestas Sepul y pr√≥ximamente --- fiestas Olmillo!"
0,"Y yo mientras comer√© palomitas mientras qued√°is retratados porque, ay, es lo que pasa cuando usas el activismo como un arma"
3,"user_ref en esas fechas estar√© en el user_ref de Lima! Pero seguro que visito Pamplona con ""La Sed"" en noviembre"
1,user_ref user_ref De all√≠ volvemos despu√©s de una semana espectacular
2,user_ref dos horitas m√°s! Aunque me levant√© destemplado
0,Siempre las mejores personas son las que m√°s sufren hash_tag hash_tag #GetWellSoonSelenaFromSpain
0,"Es bastante pat√©tico, sobre todo que lo haga gente que pr√°cticamente no me conoce de nada"
0,Lo √∫nico malo de Death Note es que dura muy poco.
2,"user_ref Hmm no s√© qu√© decirte, mientras no dejes la jaula abierta no pasa nada Pero se recomienda que salgan un ratito al d√≠a +"
0,user_ref es que las preguntas capciosas no est√°n bien! Resultan muy period√≠sticas y poco consideradas
0,user_ref user_ref user_ref como se nota merlu que hace tiemp oque no te junta conmigoooooooo
2,Estoy tan segura de que el ex√°men de mates va a ser el que hicimos de recuperaci√≥n en el √∫ltimo trimestre al cual NADIE le sac√≥ foto
2,"No me refiero a vehiculos, me refiero a telefericos para llegar rapido a por slang_string zonas de vuestra (esperemos) gran base"
1,"user_ref tranquila, te seguimos queriendo igual"
0,mi hermana kylie la vasca como la echo de menos
1,"No, solo quiero bailarte la medusa loca en privado user_ref"
3,"user_ref user_ref user_ref user_ref Ponferrada, ya no soy gallego"
1,user_ref risa_ja risa_ja risa_ja risa_ja jajajajjjaajjjjajajaa eso no lo haces con mi culo y es de gran valor.
1,user_ref ha aceptado reembolsarme la cobertura mar√≠tima de la que no me advirti√≥ en su momento. Estoy contenta. Me parece justo.
0,T√≠pic Te levantas de noche para ir al ba√±o y corres lo m√°s veloz que puedes para que el fantasma no te alcance
0,Ayay quiero grrabar un trocito de Drown con el ukelele porque tiene que quedar preciosa. Pero tengo la voz fatal
2,user_ref el unico libro con el que me he echado foto ha sido con el de Yo antes de ti pero porque el libro es especial!! risa_ja risa_ja risa_ja risa_ja Jajajaja
1,bueno bueno bueno voy a hacer el sprite del primer lider de gimnasio de mi fan made
1,user_ref Y adem√°s con unas vistas preciosas... Disfruta de la tarde como se merece
1,Hoy directillo de FIFA se√±ores! Un poquito de Liverpool que queda menos para terminar
1,"user_ref user_ref user_ref Oj√∫, que envidia m√°s mala me ha dado!!. Disfruta. A√∫n me duelen las piernas ¬°¬°que buena estaba!!"
1,user_ref user_ref Gracias por seguirme. Todas las semanas escribo en user_ref cada m√≠ercoles para m√°s se√±as.
1,user_ref Muchas gracias atrasadas!! Esto del Twitter hacia que no lo miraba.... Un abrazoteee!!
1,"user_ref gracias ni√±uca es preciosa, te prometo que me has alegrado la tarde con este detalle tan Bello y enternecedor. Mil besos"
0,user_ref pues si. Pero por lo menos podr√≠an ser actores puestos a hacer el paripe. Que sean profesionales
1,"user_ref de aqu√≠ haci√©ndolo ""conservadora"" sale una user_ref seguro. a ver como montamos! Thanks por las ideas!"
0,"user_ref soy como ese medio demonio que es marginado por los demonios, pero tambi√©n por los humanos"
0,user_ref creo que soy la √∫nica que pringa trabajando todo el verano y todo septiembre
3,Quer√©is que os ponga stream en int_string int_string 10 minutos con el McCree de mi equipo ser√° un stream cortito de int_string int_string 2 horas ^^
3,user_ref user_ref pero... Ella... No es verde!!!! Aunque ahora que lo dices... Es muy... Eh...
1,int_string int_string 31 AGOSTO D√çA INTERNACIONAL DE LA SOLIDARIDAD Porque la solidaridad comienza con una sonrisa ¬°Feliz d√≠a! hyp_link
0,user_ref Est√°s muy calladito por aqu√≠ julio... que slang_string n puedo poner la radio
1,"user_ref user_ref Vamos con PAM que preferimos entrenar vs DDH, teneis muy buen lvl bro"
2,Vamos user_ref dales duro como t√∫ sabes hash_tag hash_tag #LoLHonor2
0,user_ref user_ref lo vi antes y pens√© que era brom si yo fuera mejicano lo constru√≠a delante de Tejas o m√°s. Saludos.
0,"user_ref Hola, lamentamos leer esto Por favor, danos todos los detalles en cliente@hyundai.es y te atenderemos lo antes posible. Salu2"
1,"Terapia de hash_tag hash_tag #FirstDates112 si el panorama est√° as√≠ es normal que siga soltera, el problema no soy yo. Me siento mejor"
0,Estoy muerto de hambre pero no puedo hacerme la cena todav√≠a porque est√° mi compa√±ero de piso cenando y no quiero cenar con √©l
1,"Que guay, el coca cola music de este a√±o es de Meghan Trainor! Ojal√° ser rico"
1,user_ref tiene que ser entretenido tu seras la primera en verlo amore mio üòò
1,user_ref user_ref uno de nuestros festivales favoritos!! Hemos ido dos veces
2,user_ref user_ref user_ref estos por lo menos han visto int_string int_string 4 goles
0,"user_ref Mareo y el Molin√≥n siguen en su sitio, todo os parece mal"
1,user_ref user_ref Gracias! Horarios un poco distintos pero ah√≠ estamos
1,user_ref me gustar√≠a poder ir y abrazarte para que te sientas mejor‚ù§
3,user_ref lo cierto es que slang_string estoy en el sofa viendo como se enamoran en first dates
1,user_ref ha sido un acierto muy grande el de anoche
0,"user_ref ¬°los m√©dicos siempre te dicen cosas horribles, citizen!"
0,"user_ref ll√©vame contigo por fi, que yo tambi√©n monto y casi siempre sola"
1,user_ref espero sobretodo tenerla con mi ni√±o risa_ja risa_ja risa_ja risa_ja jajajaja. gracias guapa ‚ô•
1,user_ref Tranquilo Omar yo te sigo ahora
1,"Estupendo discurso de user_ref en hash_tag hash_tag #SesionDeInvestidura Ch√©, la ciudadan√≠a ha tenido voz"
1,"user_ref Que bonito,y yo tengo una sorpresa para Ti ,que te gustara much√≠simo!"
0,user_ref user_ref user_ref que guay no? Pobres nosotros simples mortales que no sabemos nada de la vida
2,Me parece que slang_string en esta edicion blogs user_ref la 4a posicion ser√° la + re√±ida user_ref user_ref user_ref hyp_link
1,user_ref una ruta ideal para disfrutar en familia de los user_ref
3,"user_ref yo el cinco termino los ex√°menes, tu dime un d√≠a y si quieres nos vemos en Murcia o en tu pueblo"
0,La gente se descojona de mi cuando me indigno y no se lo toman en serio
3,user_ref sorry not sorry pd quedamos en medievales?
3,"El Temor de un Hombre Sabio, la saga Millenium, Canci√≥n de Hielo y Fuego, y un largo etc"
0,user_ref Pos s√≠ que eras t√∫ limitada en encontrar formas de no aburrirse en clase
0,"user_ref lo veo m√°s que jodido, pero la esperanza nunca se pierde."
3,user_ref tambi√©n que no parezca pulsera de reo eran deberes pendientes Pero qu√© menos que 7-10 d√≠as
0,user_ref Yo he citado varias veces a Heidegger en tu√≠ter y me meto contigo
0,user_ref NO PONGAS COSAS PRIVADAS nah es que me ha molestado en serio
3,user_ref porq si no es posible ir con ellos necesito encontrar otro alojamiento por mi cuenta. ¬øPodr√≠ais contestar por favor? Thks
1,"user_ref Al contrario, me viene genial la correcci√≥n para ir mejorando mi ingl√©s"
2,user_ref user_ref user_ref gracias Si lo malo de la verdad es que no necesariamente nos hace felices.
0,Menciono a Sof√≠a en cosas bonitas y ella me lo paga bloqueandome por wa
0,user_ref por eso lo he puesto en comillas..... pd la yankee ya tiene el fallo de peloco√±o pues?
0,user_ref Ya no es por bonito o por feo sino porque es un animal con sentimientos t√≠a es horrible
3,Alguna buena moza que me diga a qu√© hora y qu√© d√≠as echan Teen Wolf
1,Una etapa se cierra y comienza una nueva aventura
2,"user_ref S√≠, es que ya tengo instalada la beta. De momento s√≥lo funcionan en iMessage"
1,"user_ref El primer tuit nos llego a nosotros, por eso te preguntamos tanto Que tengas un buen d√≠a y buena compra."
0,Tenemos un presidente que es persona non grata de slang_string su ciudad user_ref nadie s lo va a recordar c una carretera de slang_string tercera le√±a al mono
0,user_ref sigo sin acostumbrarme a su nueva boca/dientes
1,AY MI MADRE GRIEZMANN int_string int_string 88 en FIFA int_string int_string 17 Toca ahorrar desde ya para hacerme con √©l
2,"user_ref Una vez mi prima me bes√≥ sin previo aviso. Ese fue mi primer beso, y nunca he vuelto a tener uno"
0,Los ministerios que slang_string os tienen a vosotros enga√±ando maca conmigo ten√≠as que slang_string dar user_ref que slang_string t iba a dar un ba√±o as√≠ de slang_string paso t lavas l boca
0,"Esto es tan surrealista üòÇ Pues nada, la cuenta de twitter de PewDiePie a la puta"
2,user_ref illo que ya me han enviado int_string int_string 5 personas diferentes snpachats con palomitas
3,Quiero ir a la festa major de Llinars la semana que viene que es mi pueblesito
0,Cuando le mandas a tu profesor algo para corregir y te lo reenv√≠a corregido y est√° todo mal solo me queda llorar
0,Estos d√≠as me encuentro muy d√©bil... espero que se me pase pronto!!!
0,Putada lv se me jodi√≥ la ruedecita del rat√≥n y bueno
1,"user_ref Por cierto Walter,genial lo de slang_string echarle las cenizas al Donie"
2,"user_ref tu lo tienes facil, vives al lado de madrid"
3,"user_ref voy a estar much√≠simas m√°s veces por Barcelona!!! Estos d√≠as los tengo un poco complicados para quedar, te informar√©"
1,Creo k es la primera vez k estoy deseando k llegue septiembre de una vez
1,"user_ref qu√© va, son tranquilas, nunca logra refutarme nada"
3,user_ref user_ref el s√°bado o el viernes podr√≠a a lo mejor Pero tengo que jugar durante la semana
0,"Que hash_tag hash_tag #Rajoy no logre la hash_tag hash_tag #investiduraRajoy NO ES NOTICIA, lo contrario s√≠... Pero ser√°n becarios los que est√°n en pr√°cticas"
0,user_ref user_ref yo ya estoy arruinada con tanto verano Berni
1,Primer d√≠a de la operaci√≥n bikini int_string int_string 2017 superado.. I can! hash_tag hash_tag #altafitdonosti hash_tag hash_tag #objetivospartan2017
3,user_ref user_ref user_ref adem√°s habr√° nueva Estrella de la Muerte. Saldr√° por unos int_string int_string 500 euros
1,"No se cuantas veces la abre escuchado, pero no me canso de hacerlo y es que suena tan bien juntos user_ref hyp_link"
0,"user_ref user_ref Hola Alberto. Tengo la misma problema, he perdido unas horas ¬øLo has obtenido? hash_tag hash_tag #dgtes"
2,"user_ref Si lo compraste con tarjeta no tienes que hacer nada, si es en efectivo imagino que cualquier FNAC vale."
0,Se qu√© razas est√°n entre mis preferencias... pero va a ser muy dif√≠cil adoptar alguna de ellas
2,"user_ref abcesos de pus en la espalda, pero coge el alta el d√≠a 8."
0,user_ref Baj√≥n + Ed Sheeran llorera asegurada. Me pasa
1,user_ref muchas gracias Rodrigo por compartir con nosotros su paso por la Feria del Libro de Benidorm. Esperamos que le haya encantado
1,"M√°s bonito no puede ser Por cierto,me alegro mucho por la menci√≥n hyp_link"
2,user_ref ya est√°s aqu√≠? üòÇüòÇ Esta semana lo tengo complicado pero a la otra vamos
0,user_ref la web que ten√≠as para ver los pokemon que veian tus rastreadores ya no funciona? Que llevo dos d√≠as entrando y ya no va
1,user_ref ¬°Much√≠simas gracias! Ojal√° te llegue prontito y lo disfrutes un mont√≥n
0,int_string int_string 30 a√±os viviendo en hash_tag hash_tag #Algeciras y cuando me vengo a vivir a hash_tag hash_tag #Sevilla es cuando pasan las cosas divertidas como un hash_tag hash_tag #terremoto.
1,user_ref La vida nos lleva por caminos inextricables risa_ja risa_ja risa_ja risa_ja jajaja Me alegro de que te haya molado el programa de hoy
0,¬°¬°No a las agresiones sexistas durante y despu√©s de las Fiestas!! hash_tag hash_tag #Sang√ºesa
0,user_ref user_ref si pero es de Mario joder comprate una propia
1,Mi corasonsito me pide a gritos Clexa fanfics pero de los bonitos profundos que te dejan llorando
0,"user_ref ay si, pero no puedo cambiar el username y soy un numero raro aiuda"
2,user_ref Si ma√±ana sigues malita te dedico una canci√≥n. (M√≠a no
1,user_ref el s√°bado unas risas todos juntos... A por otro a√±o m√°s!
3,Me instalado la app de user_ref solo para escuchar user_ref de user_ref hash_tag hash_tag #algoestacambiando
1,"user_ref Es un aspecto poco conocido del Sistema Solar, que probablemente a√∫n haya cosas por descubrir ah√≠ fuera"
2,user_ref Que cabrones..... puffff .... Bueno se empieza de nuevo no pasa nada risa_je risa_je jejej
1,"user_ref Otro para ti Javier, me ha hecho mucha ilusi√≥n tu respuesta. Gracias de coraz√≥n feliz noche."
3,"user_ref user_ref Alguien sabr√°, alguien en ese extra√±o lugar que es el futuro. Esto es una empresa para la humanidad"
1,user_ref conmigo siemprw puedes hablar
1,hash_tag hash_tag #HappyJungkookDay hash_tag hash_tag #ÍæπÏù¥ÏÉùÏùº„Öä„Öã Galleta bonita *.* Feliz cumplea√±os al mejor maknae del mundo
1,user_ref en noja estuviste genial pero ¬øsabes una cosa? Nos vemos en madrid para despedirnos hash_tag hash_tag #askalvarogango
0,"Chicxs nunca idealic√©is demasiado a una persona, que luego os da mg en facebook y romp√©is un espejo de la emoci√≥n"
0,user_ref Aun no No tengo algunas legendarias aun
0,Tengo tant√≠simo sue√±o que cada vez que me levanto y ando me choco con la pared en serio me siento s√∫per gilipollas
0,"int_string int_string 3 a√±os sigui√©ndote y ni una menci√≥n, con lo que te quiero user_ref hash_tag hash_tag #askalvarogango"
0,"Me haces bullying intenso, me vas a hacer caso alg√∫n d√≠a? user_ref hash_tag hash_tag #askalvarogango"
3,user_ref Estoy conectado y listo. Cuando quieras me le pasas. Mi AC te lo repito es 2294-6239-5875
0,"user_ref qu√© va me levant√© agotado, de no poder salir de la cama de las pocas fuerzas que ten√≠a"
1,"user_ref gracias, guapa!! menuda promoci√≥n me haces!! eres un sol"
0,"user_ref user_ref user_ref lo bueno y lo malo, ojo. Que a nosotros fijo que nos quitan alguno."
0,Se ha ido de mi espalda y no se como ha acabado dejandome en una esquinita de mi propia cama
0,"user_ref nu , no sirve cualquiera Lo prob√© hace poco para una app coreana y no me dejaba u^u por lo de la tarjeta de cr√©dito"
3,hash_tag hash_tag #ide el primer d√≠a de clase voy a proyectar una de estas fotograf√≠as y voy a pedir informaci√≥n sobre foto y autor A ver c√≥mo resuelven
1,user_ref risa_ja risa_ja risa_ja risa_ja jajajaja si si. Buscar√© en Pinterest algo as√≠ gracias üòò
1,user_ref 10/10 lindo a ver si vuelves a Le√≥n que se te echa de menos por aqu√≠ quiero abrazarte ‚ú®
0,"user_ref user_ref user_ref somos antifas y bebemos agua de pantanos que hizo Franco.... que pena Mira, me meo üòÇüòÇ"
2,"user_ref Ya ves, parece un comic m√°s maduro pero el dibujo se delata solo"
1,user_ref genial! Ahora ya mucho mejor que con las tres primeras a√∫n as√≠ todav√≠a hay cosas que pulir
3,"user_ref En edad internacional 19, en edad coreana int_string int_string 20"
0,"user_ref user_ref Met√°fora=Comparaci√≥n, que es lo que dije. Un poquito de teor√≠a literaria"
3,user_ref user_ref es que hablo de sus correos corporativos en sus PCs
1,user_ref user_ref Yo solo cit√© la gran definici√≥n que dio de ellos muy pronto el artista Omar Jerez
0,"user_ref user_ref user_ref user_ref no tenemos para cerveza, somos pobres y sucios. No nos dejan entrar al bar"
2,user_ref esta la p√°gina petada desde hace d√≠as
0,"user_ref Pasa el link de la mas interesante please, por no ver int_string int_string 5 veces lo mismo"
2,Mingafria harrison. Si por un casual consigues ganar me pagas la noche de hoy. No te meto presi√≥n. Tu ver√°s.
0,Os recomendamos seguir las listas porque Spotify no nos permite tenerlas p√∫blicas y colaborativas al mismo tiempo
0,user_ref Gracias por la informaci√≥n. Parece que el olor ha cesado. Ayer pas√≥ lo mismo sobre la misma hora
2,user_ref Pero ya te digo que me encantar√≠a tener esta conversaci√≥n contigo en otras circunstancias
3,"hash_tag hash_tag #InvestiduraRajoy13tv mi madre¬°¬°¬° user_ref ya regreso, del viaje astral???¬°¬° y el del user_ref del interestelar??¬°¬°"
2,Hay que respetar las posturas de todo el mundo frente a las situaciones que se le presentan. Por algo no somos todos iguales
3,"user_ref apuntaba en √°ngulo correcto a una superficie reflectora, cient√≠ficamente, s√≠"
2,user_ref üê• -tu pelo -eres una de mis mejores amigas -no mereces estar mal por nadie -compa√±era pastel!
1,"user_ref ya.. se le va, pero me gust√≥ igual lo siento, sino.. BLME est√° bien adaptado o los libros de Sparks"
0,"entre odio d√≠a tras d√≠a, la muerte de su hermana, la muerte de su amiga, el divorcio de sus padres cuando era peque√±a, el lupus, etc"
0,"user_ref mira hijo de puta me cago en tu puta madre JAJAJAJAJAJAJJAAJAJA ya podr√© ir en 2018, ya..."
2,"user_ref No te preocupes, pero como hay tanta mala baba en Twitter pensaba que hab√≠a sido por eso"
3,user_ref user_ref user_ref user_ref es tan evidente verdad? que no hac√≠a falta... es cierto.
0,"user_ref user_ref eres un sinverg√ºenza,hay ke dormir mas,yo he dormio int_string int_string 6 horas (porke no tengo legion hasta hoy)"
1,"user_ref Gran experta Rosa en freir huevos, parecen gemelos. (a m√≠ no me salen tan iguales)"
1,Buenos d√≠as Magaluf ! üëåüèª‚úÖ ‚Ä¢ user_ref ‚Ä¢ hash_tag hash_tag #BHmallorca#Magaluf hash_tag hash_tag #Mallorca hash_tag hash_tag #Island hash_tag hash_tag #Summer2016‚Ä¶ hyp_link
0,he so√±ado una cosa muy rara con los personajes de PLL y luego como que estaba en la real life y conocia a Shay y a Lucy y y y
0,"Buenos d√≠as, user_ref . Lo siguiente de triste es abatido. √Ånimo que siempre que llueve escampa."
3,"user_ref estate atento a nuestras redes sociales para estar informado de las fechas y sitios, y gracias por escribirnos"
3,"user_ref user_ref user_ref , y otros que seguro se me olvidan, tambi√©n os puede interesar para vuestro instituto o facultad univ."
3,"""Soy user_ref Este es mi n√∫mero de tel√©fono finland√©s. Ya puedes borrar el ingl√©s"". Y ""la abuela piensa"".. ""era una ni√±a de int_string int_string 8 a√±os"".."
3,Buenos d√≠as y hash_tag hash_tag #felizmartes. Cu√°ntos de vosotros lleg√°is al final de vuestras hash_tag hash_tag #vacaciones? Y cu√°ntos las ten√©is a la vuelta de la esquina?
0,user_ref y √©s una lastima porque tiene muy buenas ideas de dise√±o y al no pasar por Java rinden guay...pero MicroSoft y sus cosas
1,Nuevo trailer! hash_tag hash_tag #PokemonGo en minecraft! Espero que os gusten las pokecasas os las imaginabais as√≠ por dentro? hyp_link
1,Han llegado las primeras hash_tag hash_tag #granadas La primera ensalada con tintes oto√±ales cae hoy! hash_tag hash_tag #eco‚Ä¶ hyp_link
2,user_ref no sab√≠a que la remasterizada se parec√≠a a la primera temporada de Falcon Crest
0,"user_ref gracias tocaya Pero.. es que es verdad da rabia.. ni un extremo ni otro, si hay machismo voy a ser la primera que va.."
1,"user_ref ahora escribo las cartas. Seprona no, qu√© por suerte me han cuidado Pepito muy bien"
3,user_ref pues quiero verla pero quiero leerme el libro primero lo tengo pendienteüòò
1,"user_ref la Odisea es uno de mis libros favoritos, y de Shakespeare por ejemplo me encanta Hamlet"
1,"user_ref bueno, Los miserables es un libro ""pesado"" o el Silmarillion, y amo los dos, as√≠ que valdr√° la pena"
1,user_ref user_ref ha sido genial conocerte maite te quiero mucho en serio una monada de chica
0,hoy me han tra√≠do a mi perra despu√©s de seis d√≠as sin verla y est√° to nerviosa y m√°s delgada
1,dreamer para siempre user_ref user_ref os quiero chicos quier abrazaros hyp_link
1,user_ref ¬°Qu√© pintaza! Tanto la chistorra como el lomo son productos deliciosos. Probaremos vuestra sugerencia en fr√≠o y en bocadillo
2,"user_ref user_ref De nuevo, encantado. Y a mi tampoco me gustan esos titulares tendenciosos. Pero tampoco los opuestos Saludos."
3,"user_ref user_ref Esto es un mero ej. de lo complejos que son los ecosistemas y la eutrofiz. como para reducirlos a ""Hay + peces"""
0,user_ref tanto tiempo sigui√©ndote y leyendo las cosas bonitas que slang_string pon√≠as y ahora ya no me dejas?
1,user_ref √âchate a√±os y muchas horas aprendiendo y practicando podr√≠a ser un buen t√≠tulo.
2,".@donecperficiam6 ¬øMe dice garrullo, llam√°ndose Domingo? Esa es buena user_ref user_ref user_ref"
3,"user_ref user_ref user_ref user_ref user_ref a m√≠ como a veces me piden ""la firma escaneada en el doc""..."
0,"user_ref Hola Raquel. Ya avisamos que por desgracia hubo un cambio de planes y no podr√°n venir en 2016, estamos intent√°ndolo para int_string int_string 2017"
0,Me duele mucho la cabeza tio
2,"user_ref Nope, es respingona De chiquitin el bullying con eso fue real. Para bonita ya est√°s t√∫ Nere ~"
0,user_ref user_ref Mmmm yo tampoco te puedo decir nada Supongo que lo l√≥gico ser√≠a que lo tuvieran pero a saber
0,"user_ref No, somos ego√≠stas por distintas circunstancias e intereses. Solos estamos todos socia, es cosa de hacerse"
1,He capturado mi primer gimnasio en el Pokemon Go. Cierto es que es probable que no tarden ni int_string int_string 10 minutos en quitarmelo. Pero mola
3,"user_ref user_ref user_ref S√≠, perfecto, pero mi duda es si hay l√≠mites de edad para presentarse al concurso. Gracias"
0,"Me hubiera encantado contaros el martirio de san Juan Bautista, que es como de peli. Con Herodes, Salom√©...pero no me ha dado la vida"
0,venga ya hombre jope tias yo quiero cosas intensas no me hagais estas preguntas
0,Quiero que te fijes en mi interior pero me pongo unas tetas de talla cien y el escote m√°s grande que haya
0,user_ref user_ref No Justamente el hilo empez√≥ porque yo sostengo que Mason es un p√©simo HH.
0,"user_ref Otra cosa es que no tuviera seguridad social, porqe no era obligatorio en su situacion. Lee, los libros no muerden"
0,"user_ref user_ref Yo solo por llamar a tu equipo ""EL GRANDE DE SEVILLA"" te bloqueaba risa_jo risa_jo Jojojojo"
0,joder pobres hombres est√°n oprimidos por mujeres que les obligan a afeitarse hash_tag hash_tag #justice4hombres hyp_link
0,"Ma√±ana me ver√© las que faltan, pero la mejor de la noche no ha sido Britney vaya Me ha decepcionado"
1,"user_ref el canal de ""Global Talents"" suele ser r√°pido en subir actuaciones, valoraciones, previos, y resultados..."
0,"Pues mi cuerpo por dinero no he ofrecido, pero mi tiempo s√≠. En plan, si tienes la absurda idea de quedar conmigo, pagas t√∫ TODO."
2,... pues no tengo ex√°menes en esas int_string int_string 2 semanas de margen. Ahora se viene la gran pregunta ¬øir√©is todos los que fuisteis a la MGW?
0,De verda soi tan lameculos
0,user_ref porque por no cargarlo con un cable oficial me he cargado la bat y el nuevo que me llega ma√±ana es de sony
0,"user_ref Es que se lee cada cosa , menos mal que a ese lo deje de seguir cuando termin√≥ la temporada pasada .Mi salud es lo primero"
1,user_ref Tengo la curiosa fortuna de que en estas semanas solo puede ver las etapas del finde
0,La Esteban promocionando el concierto de Estopa en Leganes...Que empiecen las bromas sin gracia sobre lo barriobajeres que somos todes
0,Si Peter Iglesias le hubiese hecho caso a su segundo ya estar√≠a el gobierno solucionado hace mucho
1,"user_ref Stranger y Mr. Robot ya las he visto, pero eres la segunda que me recomienda The get down, as√≠ que a por ella voy, gracias!"
1,"A principios de Septiembre saldr√° mi nuevo tema en forma de v√≠deo, ya tengo ganas de que lo escuch√©is!"
1,user_ref Gracias por la info Lo bueno ser√≠a saber si aceptan libros en ingl√©s.
0,user_ref user_ref user_ref en serio? No sab√≠a eso de ella se me ha ca√≠do su imagen a tope
1,user_ref mi anterior tweet solo iba por ti que eres la √∫nica que ha demostrado conocerme bien
0,"Nunca vi a nadie gritar de terror ni saltar tanto en tan poco tiempo JAJAJAJAJAJAJAJAJAJAJAJAJA P no soy cruel, fue con cari√±o"
0,"Me dice la t√≠a y cuanto tardarias en llegar al carrefour de hortaleza Y y pues poco, vivo en la plaza de chueca"
2,Voy a echarme una siesta que me duele la cabeza que est√° que me explotaüòû. Pasad una buena tarde
2,user_ref user_ref user_ref user_ref lo importante es saber cuando! Por si hay que evitar compras for√°neas
2,user_ref user_ref user_ref es que es una reivindicaci√≥n muy de moda... Ya sabes... de gente pedante como yo
1,user_ref Hola guap√≠sima! Nos encantar√≠a hablar contigo por dm.. se puede pasar?
1,user_ref Esta bastante guay porque es muy flexible en cuanto a horarios y tecnica que quieras explorar
1,"Ensalada de Salm√≥n, una de las ricas propuestas en el men√∫ de hoy hash_tag hash_tag #MenuDiario hash_tag hash_tag #RestauranteCasinoLasPalmas hyp_link"
0,"estoy entre dos, pero las dos son s√∫per caras"
0,user_ref Jope Ojal√° alg√∫n d√≠a poder hacerte fotos osea no soy fot√≥grafo ni nada pero eso
0,"Si est√° claro, la culpa es m√≠a"
3,"Repito, de momento NO HAY FECHA L√çMITE y las preguntas son EN EL E-MAIL no encima del v√≠deo"
1,"user_ref cuando quer√°is os llevamos a un gran lugar para comerlos, a buen precio"
1,"Las Palmas nuevo y modesto l√≠der de 1¬™ divisi√≥n empieza por ""L"" como Leicester... hash_tag hash_tag #ah√≠lodejo"
1,Y en nada estar√° disponible v√≠a hash_tag hash_tag #soundcloud mi nueva sesi√≥n con el mejor house y un rollazo flipante
0,"user_ref Estoy recuper√°ndome del v√≠deo y el momento ""(bird shit)"" Parece una parodia de s√≠ mismo"
1,"Donde desde los hash_tag hash_tag #Over25, parte como una de las aspirantes con grandes opciones de llegar a las galas... hyp_link"
2,Yo ahora podr√≠a estar en mi casa de zgz viendo los premios en la tele tan ricamente l tenerlos grabados pero no
0,"Quiero te√±irme el pelo, pero a la vez no, y tampoco s√© de qu√© color, solo s√© que quiero hacer algo y es muy sad"
0,"Buenos d√≠as. Lunes duro de vuelta al trabajo, al calor, al metro, a los madrugones y a la rutina hash_tag hash_tag #BuenosDias"
1,"user_ref perfecto! Nada mejor que incitar a lectura. Ya me contar√°s que tal, es m√°gico. De esos para ""ni√±os"" que no son para ni√±os"
2,Still falling for you es genial omg Aunque ver la cara de Ellie con todos los retoques botoxiles me entristece
3,Necesito seguir a mas cuentas camren shippers y fans de las armon√≠as. Me recomendais alguna?
1,"user_ref user_ref Claro, yo quer√≠a por eso de manifiesto, hay cables chinos cojonudos. Otra cosa es que te compres el mas barato"
0,"user_ref necesitamos fuentes con pitorro en Vallecas, que la mayor√≠a est√°n rotas user_ref"
0,la foto que subi√≥ niall me pone triste porque quiero ser liam en esa foto adem√°s de que sale precioso
2,en plan bonito porque yo no
2,user_ref Te pico mucho. Eres muy graciosa. Me r√≠o con tus chistes de kk. Me odias porque no me gusta Suicide Silence
2,"user_ref lo se pero no miraba la acc, solo miraba de vez en cuando el combo y me emocionada y nervios y shit"
1,"user_ref lo mismo puedo decir de tu fanart y por cierto, tu c√≥mic, muy divertido!"
0,"user_ref menudo honor!! Me pill√°is justo de vacaciones, pero a la vuelta hablamos"
0,"user_ref user_ref vamos, que hay normas absurdas y muchas se est√°n levantando, pero hay que estratificar"
0,"user_ref Pero si t√∫ s√≥lo comes paellas-de-verdad, japo pijo yr a cosas desas de subir a Instagram, homrepordios"
3,He decidido empezar a procesar las fotos macro del verano hyp_link hyp_link
1,user_ref user_ref Faltar√≠a. Pensaba en c√≥mo se construyen los discursos y qui√©nes los emplean. Es un debate interesante.
1,user_ref Quedan ocho meses y a√∫n est√° todo por hacer. Confiemos en poder realizar el Proyecto que tenemos planteado. Paciencia
3,"user_ref Sugerenci ¬øPodr√≠ais hacer un TOP (o, al menos, alguna recomendaci√≥n) de los mejores MMORPGS para dispositivos m√≥viles?"
0,hoy ha sido ver a un perro muerto en el anden izdo. de la autopista huelva-sevilla y entrarme toda la impotencia del mundo
0,".@DavidCpsberga user_ref Vamos, que usted es el portavoz de int_string int_string 2 millones de personas. Una inmensa... minor√≠a. ¬øLe molesta la ""minorizaci√≥n""?"
1,user_ref ¬°Hola Tom√°s! ¬øHab√©is visto los nuevos hash_tag hash_tag #dinos de hash_tag hash_tag #TierraMagna? Es normal que haya colas antes de que comience el espect√°culo
2,Ya se acaba el ineternete
3,"Shit se fue, voy a por un pitaso"
3,int_string int_string 6 momentos en los que usar lentes de contacto es simplemente mejor ¬°Feliz lunes! hyp_link hash_tag hash_tag #optometria hash_tag hash_tag #lentesdecontacto
2,Algunos est√°n Sad 24/7 Otros est√°n Indignados 24/7 Yo estoy Cachondo 24/7
0,user_ref user_ref user_ref No os hab√©is dado cuenta de que la puesto El verdaderx fot√≥grafx...EL solo puede ir con masculino
0,user_ref La verdad es que yo tampoco hubiese sabido reaccionar m√°s que con violencia verbal/f√≠sica hacia sus agresores o sus padres
2,"user_ref s√≠, supongo que usas el ave de nevera y ya cuando llegas a casa despu√©s de 10h pateando te fr√≠es un cachopin y no vas al mcauto"
2,"en serio, ten√©is que verosla ya"
1,Siento el Spam. Quiero que comprend√°is y compart√°is conmigo la felicidad de este momento. Espero ser el mejor Capit√°n de todos!
1,user_ref hay que ser optimistas
1,Soy a tus pies Mariano Rajoy Brey user_ref francia no hay otros partidarios que yo aunque no tengo mi tarjeta del PP Viva Espana!
1,user_ref Siempre buscando algo mejor Ahora estoy bien y cobro bien. Pero puede que vaya a una del Prat!
1,"Perdon, las dudas en Twitter a traves de hash_tag hash_tag #askLFI Las ayudas hash_tag hash_tag #ayudasLFI es una convocatoria de ayudas, muy interesnate tambien"
0,"user_ref user_ref user_ref vale, pero de Rodrigo yo espero poco y Nani es una puta inc√≥gnita como va a rendir. Falta un int_string int_string 9"
0,"Hoy, en las desventuras de Albert Sin agua que salga de ning√∫n grifo en el piso. Ha decidido que no sale hasta nuevo aviso"
0,"user_ref user_ref eso no se le debe decir ni a tu peor enemigo, que cruel , nadie es peor que el caramusgo del torete"
0,Creo que alguien me ha bloqueado. Es una sensaci√≥n rara porque empezaba a tenerle cari√±o a esa persona y no lo entiendo. Me siento mal
2,user_ref es lo que tiene ser un cereal
1,"Cambiar ""El mejor sistema‚Ñ¢"" y la educaci√≥n m√©dica en Espa√±a ser√° complicado, pero con gente como vosotros tengo fe user_ref user_ref"
0,user_ref vete buscandote un ayudante que sepa de medicina porque entre Digard y Riviere haras las cronicas desde la enfermeria
0,"user_ref user_ref creo que antes de insultar una cara deberias mirarte al espejo Guille. Ah, y quien r√≠e √∫ltimo rie mejor"
0,"user_ref ya ves eh, estaban amargados"
0,"user_ref No estoy de acuerd retwitteo cuando creo conveniente, pero aporto mi opini√≥n citando y divulgando, y as√≠ seguir√© user_ref"
3,¬°Hola user_ref Una pregunta? La visita a la f√°brica es gratuita o hay que pagar algo? Un saludo bonicos y bonicas mios!
3,"Yo mantendr√≠a que toby est√° vivo si no fuese por el tuit de keegs, por el insta de troian de hace unos d√≠as..... Esas cosas sab√©is"
0,"√öltimamente, me est√°n siguiendo chicas con perfiles bastante subidos de tono en Instagram. ¬øPara cu√°ndo un chico decente?"
0,"Momento hash_tag hash_tag #emprendedores en el Congreso de los Diputados ahora mismo. Siempre se cita a las startups, no a los innovadores sociales"
3,"user_ref Yo tengo un par, pero son s√≥lo R"
1,"user_ref claro, yo no digo que sea f√°cil... Para nada, yo llevo a√±os intent√°ndolo y ser√° mi trabajo vital, pero quiero intentarlo"
2,user_ref FP lo tiene vetao
3,"user_ref en el √∫ltimo vlog, al t√≠tulo le falta una E en la palabra ""ENTRAS"" supongo quer√≠as poner ""ENTERAS"""
1,"Acabo de jugar en manual a PES int_string int_string 2017 y dios, como cambia el juego, jugando en leyenda, en int_string int_string 0 de velocidad, IMPRESIONANTE hash_tag hash_tag #PES2017"
1,"¬°Buenos d√≠as! Aqu√≠ andamos, con el S√≠ndrome post-Uncharted int_string int_string 4 :S Necesito jugar los int_string int_string 5 de golpe... Peeeero no hay tiempo"
3,Alguien sabe como o dnd comprar la camiseta roja de la Vuelta que llevan l@s trabajador@s de Carrefour? Gracias hash_tag hash_tag #Pelot√≥nCarrefour
1,"salir de trabajar, mirar un par de cosas del canal e irme al cine a ver mascotas con los amigos¬° planazo de sabado"
0,"user_ref user_ref user_ref user_ref Que user_ref es plural?? Cuantas horas, del otro idioma oficial, emite?, No es de todos los cat?"
0,M√°s de lo mismo...esport3 dando un partido de 2¬™ B entre hash_tag hash_tag #rcde y valencia y no se cortan un pelo en decir que el far$a marca en Bilbao
3,user_ref user_ref Yo lo hice en el cole ! Fuimos a trafico un par de d√≠as a aprender a circular con bici (Colegio p√∫blico)
2,"Marca el valencia B el 0-1 en la DANI JARQUE, hay que decir que jugamos con int_string int_string 1 menos por expulsi√≥n m√°s que rigurosa de un defensor perico"
0,Ma√±ana vuelvo a trabajar despu√©s de int_string int_string 15 d√≠as de vacaciones. Donde quedan los int_string int_string 3 meses de verano de peque√±os? hash_tag hash_tag #QueDuroEsSerAdulto
1,user_ref nenaaaaaa viste como me va creciendo la enana ?? Se te extra√±a un buen wey..enserio esas platicas nos falta...Gracias‚ù§‚ù§
3,"user_ref user_ref Que yo recuerde mourinho gan√≥ una liga,el bar√ßa dos,los dos una copa del rey y el bar√ßa se llev√≥ una Champions"
2,user_ref ¬øSolo te preocupa el n√∫mero de followers? Me lo imaginaba... risa_ja risa_ja risa_ja risa_ja jaja üòÇ Ellos mismos piden que haga quedada
3,user_ref y seg√∫n tu ojo cr√≠tico debe abrir toda la ciudad o solo zona puerto-anaga-plaza Espa√±a?
0,1477. No pero porque apenas hay confi
3,Votado en este no en el otro
0,Soy un chico muy perverso
0,"Y tan amargado, porque no me lo chupan"
0,la vida me tiene muy confundida
1,user_ref Pero pero porque eres muy guapa
3,user_ref pero eso no es abstracto
0,user_ref ya ya pero a√∫n as√≠ no me convenci√≥
0,"user_ref Es que no, ya estoy cansado"
1,Las mejores fotos son las que no se ven ‚ú®üåü
1,La verdad es que hoy tengo un buen d√≠a
2,user_ref ¬°Ya ves! Eso es fundamental
1,user_ref y lo bonitas que las tienes?
2,estoy contenta y cagadisima a la vez
0,user_ref entiendo que en el mal sentido?
2,user_ref que no en serio
0,user_ref que es un envidiosillo
0,"user_ref ya, a√∫n as√≠... no me f√≠o de la gente"
2,Pero si eres mi pelado user_ref
0,Pos yo tambien estoy triste
3,Apagado o fuera de cobertura
1,user_ref ay mejor eso que nada no?
1,user_ref el mejor bae que he tenido
1,user_ref son mucho m√°s emotivos
1,user_ref eres muy pero que muy inteligente
0,Buenos d√≠as bbs qu√© tal yo mal
0,user_ref tio no me lo recuerdes
2,Pero cada vez lo tengo m√°s claro
1,"en serio, te amo user_ref"
0,No soy capaz de dormir
2,"user_ref jo,es que es mortal"
3,user_ref a la pr√≥xima a ver si os veo
0,Me est√°n diciendo que era feo de peque√±o
3,user_ref Que ya ha empezado tio
0,user_ref Y que sea yo es triste
1,los rts de Leila son los mejores
0,user_ref Algo estoy haciendo mal
0,Joder tio pero porque tiene que slang_string pasar de mi
2,Tengo un im√°n para los ADC retrasados
3,clrealy no es una indirecta
0,Y mi tl ya est√° muerta
1,Es que es muy guapa
1,"user_ref oye, 7/8 no est√° nada mal"
0,Tengo un poco abandonado el tw
0,por qu√© tengo un nombre tan feo
0,Se me dan muy mal las despedidas
0,user_ref a mi ya se me fueron los 2gb
2,"Es incre√≠ble y tal pero no , no voy a ir al TH"
1,Un AI The int_string int_string 100 ser√≠a lo mejor.
0,Ya se que soy lo peor pero jo
2,Estoy nerviosa y no s√© por qu√©
0,"En fin, yo no se ni para que me molesto"
0,Bel para con el porno
3,A las 17:30 pillo el bus
2,Es que es tan yo...Siempre estoy as√≠
1,hoy no me voy enfadada
1,Desde cuando yo no soy cari√±oso?
1,"Si ana est√° feliz, yo lo estoy"
1,¬°Un d√≠a nublado no tiene que ser un mal d√≠a!
2,soy una de las viejas
1,Ay t√≠o es que es tan perfecto
0,Que no soy mas sociable
3,No se uno de los dos yaaa
1,Hoy es un dia bonito
1,Hoy me veo muy guapa
0,Todo va de mal en peor
0,Tengo esto un poco abandonado
0,Pro no es muy estetico
0,Que triste y de todo estoy
0,Quien me ha llamado fea
0,Pero soy tan pobre que
2,Cerquita de los 4k de elo ya
0,Hoy no es un gran d√≠a
0,Porque soy tan gafe porque
0,Hoy estoy un poco triste
0,"a to esto, el tio de ono no ha venio"
3,"user_ref no, pero a las 7:10 si"
0,No me hab√©is curado el sad
1,Es que me lo como de lo bonito que es
3,"user_ref a mi a las 8.15 que son las 7.15, no too bad"
3,Tio el final de sao
0,user_ref ya s√© que es feo pero
0,D√≠a poco productivo el de hoy
2,user_ref uf es que es muy emo
3,A ver qu√© tal el renacido
1,que feliz voy a ser a las int_string int_string 3
0,Mal tengo que extudiar y tu
3,Tendr√©is hoy v√≠deo a las int_string int_string 12 y a las int_string int_string 15
2,Eso s√≠ voy a ir muy muy lenta
2,Con lo tranquila que yo estaba...
1,Un NOSOTROS as√≠ de grande por hoy
0,Se fue a Rusia tio
0,"Tanto sad, tanto sad... Pues yo tambi√©n estoy muy sad hoy"
3,Por qu√© un partido a las int_string int_string 10 a.m.
3,Me he distra√≠do con La Voz
0,est√°n todos muy sad hoy no
1,Para m√≠ mi mejor a√±o fue el int_string int_string 2015
0,Hoy va a ser un dia muy largo...
2,11:11 que no me encuentre mal
1,Es que son muy bonitas jo
1,Que no jo que no soy tan irresponsable
